,번역,수정사항,비고
,,,
,쿠라인에게 있어서‥‥,,
,죽음은、끝이 아니다。,,
,죽더라도,,
,영혼은 명계에서 살 것이고,,
,죽더라도,,
,영혼은 무녀의 부름에 응할 것이다,,
,죽음을 두려워하지 말지어다,,
,시조님의 이름 아래‥‥,,
,영혼의 오염만을 두려워하라,,
,제 영혼의 오염은‥‥,,
,그 아이에게 덮어씌우도록,,
,할까요‥‥。,,
,,,
,4월23일 오후 4:26,,
,쿠라인 왕국,,
,（후우‥‥。드디어 도착했네。,,
,여기가、《쿠라인 왕국》인가）,,
, (‥‥엄청나게 머네。,,
,비행기를 몇 시간이나 탄 거지）,,
,（그래도‥‥）,,
,（으음! 좋아! 그야말로,,
,외국이란 느낌이 드는 거리야）,,
, (우와。훌륭한 사찰이네!,,
,저게 이 마을의 중심이랬지）,,
,（오! 거리에 소가 돌아다니네。,,
,그래。사진‥‥찍어둬야지）,,
,저기‥‥시、실례합니다。,,
,（저기 있는 새는 뭐지?,,
,본 적 없는 종이네）,,
,（오오。꽤 멋진,,
,볏을 가지고 있잖아?),,
,실례합니다앗!,,
,응?,,
,아。넵!,,
,실례지만‥‥,,
,나루호도 씨‥‥맞습니까?,,
,네。그렇습니다만‥‥,,
,（이、있는지도 몰랐어‥‥,,
,얘 언제부터 있었던 거지?）,,
,아。,,
,혹시、네가?,,
,넵! 제가 나루호도 씨의,,
,가이드를 맡게 된、,,
,지인사의 견습 승려,,
,보쿠토 츠아니라고 합니다。,,
,그럼 잘 부탁드리겠습니다!,,
,앗피라케!,,
,아、앗피라케‥‥?,,
,아。앗피라케는,,
,쿠라인의 인사법이에요。,,
,「안녕하세요」와 같은 의미입니다。,,
,꼭、외워서 돌아가 주세요!,,
,그、그렇구나‥‥。,,
,그럼、나루호도 류이치입니다。,,
,‥‥앗피라케。,,
,（내 이름은、나루호도 류이치）,,
,（일단、작은 법률사무소의,,
,소장을 맡고 있다）,,
,（뭐 그건、,,
,일본에서의 이야기고）,,
,（지금은、일본에서 온 여행자,,
,‥‥단지 이방인일 뿐이다）,,
,다시 한번‥‥,그럼 다시 한번‥‥,
,영매와 신비의 나라,,
,쿠라인 왕국에、어서 오세요!,,
,받으세요!,,
,이거、친해진 기념이에요!,,
,뭐、뭐야?,,
,이 불길한 색의 덩어리는?,,
,설명해드리겠습니다!,,
,이건、쿠라인 왕국의 명물인,,
,“곡옥만두”입니다!,,
,“명계까지 날아갈 정도의 맛！”,,
,으로 유명해요!,,
,（입에 넣기 망설여지는,,
,슬로건이네‥‥）,,
,고、고마워‥‥。,,
,（먹어보는 건、나중으로 미루자）,,
,가격은、20다마입니다!,,
,매번 감사드립니다!,,
,（‥‥돈을 받는구나）,,
,아직 많이 남아있으니까、,,
,언제든지 말만 해주세요!,,
,（저 무거워 보이는 가방 안에、,,
,잔뜩 들어있는 건가）,,
,아! 중요한 걸,,
,잊어버릴 뻔했네요。,,
,마요이 님 말인데요‥‥。,,
,요 며칠간은、,,
,만나러 오지 못 할 것 같대요。,,
,응。들었어。아까 공항에서 전화,,
,했더니 산속에서 수행 중이라던데。,,
,건강해 보여서 안심했어。,,
,끝날 때까지 기다려야지。,,
,（아야사토 마요이）,,
,（과거、내 조수를 했던,（예전에、내 조수를 했던,
,영매사인 여자애다）,영매사인 여자아이다）,
,（나는、이 나라에서 수행 중인,,
,마요이를 만나러 왔다）,,
,보쿠토。이 나라에 온 건、,,
,처음이니까。잘 부탁해。,,
,넵!,,
,뭐든지 물어보세요。,,
,마요이가 전부 너한테,,
,맡겨도 된다고 말하더라。,맡겨도 안심해도 된다고 말하던데。,
,헤헤。그거 기쁘네요。,,
,저、마요이 님의 시중도,,
,들고 있거든요。,,
,（마요이는 오히려 내 쪽이 더,,
,걱정이라고 말했지）,,
,（내 트러블 체질에 보쿠토를,,
,말려들게 하지 말라고‥‥）,,
,（하여간、마요이는,,
,걱정도 많다니까‥‥）,,
,근데‥‥나루호도 씨、,,
,꽤 빨리 오셨네요。,,
,아직 마요이 님의 수행이,,
,끝나려면、2주는 남았을 텐데。,끝나려면、2주일이나 남았는데。,
,（으‥걱정돼서 빨리 왔어,（으‥걱정이 돼서 빨리 왔어,
,라고는 못 말하겠어‥‥）,,
,그、그러니까。아하하하하。,,
,잠깐 관광을 해볼까 해서。,잠깐 관광이나 해볼까 해서。,
,관광이군요!,,
,그건 제게 맡겨주세요!,,
,제가 이 나라의 볼거리를,,
,빠짐없이 안내해드릴게요!,,
,고、고마워。,,
,（갑자기 눈빛이 변했어）,,
,이러고 있을 틈이 없어요!,,
,구경하러 가요! 자! 어서!,,
,으아。으앗。,,
,그렇게 밀지 않아도 돼!,,
,우선、이 마을 중심에 있는,,
,지인사에 안내해드릴게요!,,
,꼭 보셨으면,,
,하는 게 있어요!,,
,,,
,4월23일 오후 4:45,,
,지인사 앞 광장,,
,（대단해‥‥!,,
,가까이서 보니까 더 박력 있네）,,
,설명해드리겠습니다!,,
,여기가 이 마을의 중심。,,
,지인사입니다‥‥,,
,《쿠라인교》의 창시자인,,
,시조님이 세운 중요한 사원이에요!,,
,저도、이 사원에서 승려가 되려고,,
,열심히 수행을 하고 있어요。,,
,（확실히 이 나라 사람들은,,
,모두 쿠라인교 신도라고 했지）,,
,（가이드북에 따르면、조상의,,
,영혼을 믿는 종교인 것 같네）,,
,시조님은 조상님의 영혼을 이 세계,,
,로 인도하는《영매사》님이었어요。,,
,지금도 그 자손인 영매사 님이,,
,이 왕국을 통치하는 여왕이 돼요。,이 왕국을 통치하는 여왕이 된다고 해요。,
,（영매사가 나라를 통치한다‥‥라。,,
,뭐랄까 믿기 힘든 얘기네）,뭐랄까 믿기 힘든 이야기네）,
,지인사의 구경거리라면、,,
,뭐니 뭐니 해도‥‥,,
,《봉납무》의 의식이에요!,,
,봉납무란、,,
,오전 오후 2번 있는데‥‥,오전과 오후 2번 있는데‥‥,
,시조님에게《의식의 노래》와,,
,함께 춤을 봉납하는 거예요!,,
,이춤은명계에서혼을불러일으킨다고,,
,알려져있는데쿠라인교에서혼은나비,,
,가나른다고알려져있어요。그나비는,,
,쿠라인나비라고부르는데나비의날개,,
,가원형인게특징이고그안에혼을실어,,
,나른다고알려져있어요。또뭐가있냐,,
,잠깐 잠깐!,,
,그렇게 빨리 설명하면,,
,이해하기 힘들어‥‥。,,
,아。죄송합니다。,,
,저도 모르게 흥분했어요。,,
,보쿠토가 이 나라를,,
,좋아한다는 건 알 것 같아。,,
,헤헤헤。,,
,감사합니다。,,
,（무엇이든지,,
,열심히 하는 아이구나）,,
,그럼。전체 분량의 절반밖에,,
,설명하지 못했으니‥‥,,
,이번 가이드 요금은,,
,10다마만 받겠습니다!,,
,매번 감사드립니다!,,
,（돈독이 심하게 오른,,
,아이기도 하네‥‥）,,
,"그러고 보니, 저번에 마요이 님",,
,에게도 같은 설명을 했어요。,,
,시조님에 대해 선 채로,,
,한 시간 동안 설명했더니‥‥。,,
,헉! 그렇게 오래‥‥。,,
,（그건、뭐 하는 수행인 거지）,,
,하지만、마요이 님은 즐거운 듯이,,
,끝까지 들어주셨어요。,,
,（호오。놀라운데。,,
,금방 질려할 줄 알았는데）,,
,마요이 님、,,
,상냥하고 멋진 분이에요。,,
,저를 동생처럼,,
,귀여워 해주시고,,
,왠지、진짜 누나가,,
,생긴 것처럼 좋아서‥‥。,,
,,,
,왠지、진짜 누나가,,
,생긴 것처럼 좋아서‥‥。,,
,,,
,（그 마요이가 말이지。,,
,조금은 어른스러워진 건가）,,
,댕! 댕! 댕!,,
,아아아아아앗!,,
,뭐、뭐야?,,
,벌써 시간이!,,
,얼른 사원 안으로 들어가죠!,,
,맞다! 먼저《의식의 노래》의,,
,가사 카드를 드릴게요!,,
,가사는 일본어로도 적혀있으니까,,
,읽으실 수 있을 거예요!,,
,왜、왜 이래。,,
,왜 이리 서두르는 거야?,,
,서두르지 않으면、무녀공주님의,,
,봉납무가 시작될 거예요!,,
,（무녀공주‥‥?）,,
,,,
,4월24일 오전 10:10,,
,쿠라인 대법정 대기실,,
,법정에 들어가게 해달라고요!,,
,왜 안 된다는 겁니까!,,
,자넨、외국인이잖아。,,
,왜 법정에 들어가려 하는 거지?,,
,그러니까、제가 아는 사람이,,
,재판을 받는 중이라니까요!,,
,（어제 연무 도중 갑자기,,
,들이닥친 경찰대들이‥‥）,,
,（보쿠토를 체포해갔다。,,
,“국가반역죄”용의자라고 했다）,,
,（궁금해서、재판 과정을,,
,방청하러 왔는데‥‥）,,
,안 돼! 안 된다고! 돌아가!,,
,법정은 관광지가 아니다。,,
,기념사진을 찍고 싶다면、,,
,나를 찍어라! 자!,,
,그런 게 아닙니다‥‥!,,
,,,
,（곤란한데‥‥。,,
,그렇다면 어쩔 수 없지!）,,
,,,
,사실、저는。,,
,예전에 쿠라인 사람이었습니다。,,
,뭐?,,
,어렸을 때 이 나라에,,
,살았었다구요。,,
,그래?,,
,어디 마을 출신인데?,,
,음‥‥그러니까‥‥,,
,（이런‥‥）,,
,일보니아 나루호도 마을이라는,,
,작은 마을인데‥‥,,
,‥‥‥‥‥‥‥‥,,
,그런 마을은 없어!,,
,뻔한 거짓말 하지 마라!,,
,（으으。안 되나‥‥）,,
,（그렇다면 최후의 수단이다!）,,
,,,
,사실、저는,,
,그냥 외국인이 아닙니다。,,
,뭐?,,
,사실은 변호사입니다!,,
,（일본에서지만）,,
,‥‥‥‥‥‥‥‥‥‥‥‥‥‥‥‥,,
,뭐?,,
,변호사‥‥라고?,,
,설마‥‥그런 말도 안되는‥‥,,
,말도 안 돼‥‥！,,
,（뭘 그렇게 놀라는 거지?）,,
,（아무튼‥‥지금이다!）,,
,변호사니까 법정에 들어가도,,
,문제없는 거 맞겠죠!,,
,앗! 거기 서라、네놈!,,
,,,
,（여기가‥‥,,
,쿠라인 왕국의 법정‥‥）,,
,（어라?,,
,‥‥저건、무녀공주님?）,,
,（왜‥‥그녀가 여기에?）,,
,《영혼의 신탁》이,,
,내려왔습니다。,,
,피고인에게 판결을 선고합니다。,,
,（어라? ‥‥개정하고,,
,몇 분 안 지난 것 같은데!）,,
,그、그런‥‥!,,
,뭔가 잘못된 겁니다!,,
,다시 한번만,,
,확인해주세요!,,
,무녀공주님의《영혼의 신탁》은,,
,진실을 비추는 거울。,,
,의문을 제기할,,
,여지는 없습니다。,,
,으‥‥하지만‥‥하지만‥‥,,
,호오。당신은 신도라면서,,
,《신탁》을 거역한다는 겁니까?,,
,크크크‥‥불신자는,,
,명계에서 고통받을 겁니다‥‥。,,
,하지만‥‥,,
,제가 하지 않았습니다!,,
,레이파 님!,,
,제가 설명해드릴게요‥‥!,,
,‥‥‥‥닥쳐라。멍청한 것。,,
,영혼이 오염된 범죄자의 헛소리에,,
,귀를 기울일 가치 따윈 없다。,,
,그럴‥‥수가‥‥。,,
,（무、무슨 소리야?）,,
,（《영혼의 신탁》이라는 걸로,,
,판결이 나온 거야?）,,
,（변호사는‥‥보쿠토의,,
,담당 변호사는 뭐 하는 거지?）,,
,（변호사가‥‥없어?）,,
,어째서‥‥이런 일이‥‥,,
,난 아무것도‥‥,,
,하지 않았는데‥‥,,
,어리석군‥‥。,,
,《영혼의 신탁》을 의심하는 것은,,
,시조님을 의심하는 것과 같다。,,
,재판장! 시조님의 이름 아래,,
,쿠라인의 무녀로서 명한다。,,
,더럽혀진 이 녀석의 영혼에,,
,무거운 벌을 내려라!,,
,넵!,,
,모든 것은 무녀공주님의 말씀대로。,,
,시조님의 은혜가 있기를!,,
,울 디 하라 쿠라인!,,
,울 디 하라 쿠라인!,,
,울 디 하라 쿠라인!,,
,울 디 하라 쿠라인!,,
,,,
,네?,,
,!,,
,!,,
,자、잠깐 기다려 주십시오!,,
,네、네놈은‥‥!,,
,（으‥‥일단 나오긴 했는데‥‥。,,
,어떻게 해야‥‥）,,
,나、나루호도‥‥씨?,,
,어째서‥‥?,,
,（에잇! 이미 나온 거,,
,일단 질러보자!）,,
,재판장님!,,
,판결을 내리기엔 너무 이릅니다!,,
,개정하고、아직 몇 분밖에,,
,지나지 않았습니다!,,
,다、당신은 도대체‥‥,,
,누굽니까!,,
,저기‥‥,,
,저는、그‥‥,,
,평범한 관광객입니다!,,
,‥‥지나가던。,,
,하아。관광객이셨습니까。,,
,앗피라케。,,
,그것보다、,,
,변호사는 어디 갔습니까!,,
,변‥‥호‥‥사‥‥?,,
,하하하하하하!,,
,그런 게 있을 리가요。,,
,무서운 소리를 하시는군요。,,
,네?,,
,여행자님‥‥。,,
,당신은 모르시나 보군요。,,
,쿠라인 왕국의 법정에는,,
,변호사가 필요 없습니다。,,
,모든 것은 무녀공주님의,,
,신성한 영매의 힘‥‥,,
,《영혼의 신탁》으로,,
,결정되는 거니까요。,,
,말도 안 돼‥‥!,,
,그런 게 허용될 리가‥‥!,,
,（뭐 이런 엉망진창인,,
,재판이 다 있어!）,,
,거기 뾰족 머리‥‥네 녀석도,,
,날 우롱하는 것이냐?,,
,목숨이 아깝다면 여길 떠나라。,,
,그러지 않으면 담당관을 부르겠다。,,
,（으‥‥。담당관이라면 아까,,
,큰 총을 갖고 있던 사람이겠지）,,
,아니면‥‥여행의 추억거리로,,
,총알이라도 한 발 선물해 줄까?,,
,（‥‥이러다간、내가 모두의,,
,추억거리가 돼버리겠군）,,
,자、잠깐만요!,,
,이 사람은 관계가 없어요!,,
,보쿠토‥‥!,,
,나루호도 씨。,,
,저、전 괜찮아요。,,
,마요이 님께 가서,,
,얘기 잘 전해주세요‥‥。,,
,,,
,나루호도 씨。,,
,저、전 괜찮아요。,,
,마요이 님께 가서,,
,얘기 잘 전해주세요‥‥。,,
,하지만‥‥,,
,괜찮으니까 빨리요!,,
,가이드는 저 말고도 많아요。,,
,나루호도 씨에게 더 많은 곳을,,
,보여드리고 싶었는데‥‥,,
,이제 못하게 됐네요‥‥,,
,죄송합니다‥‥。,,
,（‥‥‥‥강한 척하고 있지만,,
,저렇게 떨고 있잖아）,,
,,,
,（어쩌지?,,
,난‥‥어쩌면 좋을까?）,,
,,,
,（난 마요이를 만나러,,
,이 나라에 왔을 뿐이야）,,
,（게다가、난 이 나라에 대해서,,
,아무것도 모르는 이방인이고）,,
,（하지만‥‥,,
,난 변호사야）,,
,（변호사가 없는 판결 따위를,,
,보고 지나칠 순 없지!）,,
,변호사가 없다면‥‥,,
,제가、변호하겠습니다!,,
,벼、벼、변호라니!,,
,무、무、무슨 소릴 하시는 겁니까!,,
,저 사람‥‥,,
,머리가 어떻게 된 거 아니야?,,
,무서운 짓을‥‥!,,
,변호라니! 아、안 돼요!,,
,나루호도 씨! 그것만은‥‥!,,
,,,
,변호라니! 아、안 돼요!,,
,나루호도 씨! 그것만은‥‥!,,
,괜찮아。맡겨봐。,,
,이런 트러블엔 익숙하거든。,,
,게다가 널 버리고 가면,,
,마요이가 화낼 거야。,,
,‥‥나루호도 씨‥‥,,
,‥‥지나가는 여행객이여。,,
,당신은 아무것도 모르는군요。,,
,나쁜 말 하지 않겠습니다。,,
,그만두십시오。,,
,（큭‥‥。역시 갑자기 변호를,,
,하겠다 하니 무리인가）,,
,담당관‥‥,,
,이 남자를 끌어내시오!,,
,기다려주십시오、재판장님。,,
,아우치 수석검사?,,
,크크크크。,,
,재미있지 않습니까?,,
,변호해보시죠。,,
,나루호도 류이치 공。,,
,다、당신은‥‥。,,
,（누구였더라‥‥?）,,
,아우치 검사。,,
,이 여행객을 아십니까?,,
,수석검사‥‥입니다。,,
,당연히 알고 있습니다。,,
,그는 제 모국의,,
,《변호사》입니다。,,
,예전에,,
,겨뤄본 적이 있어서요。,,
,뭐라고!,,
,네? 나루호도 씨가‥‥,,
,변호‥‥사?,,
,이거、놀랍군요!,,
,당신、변호사였습니까?,,
,네。이래 보여도,,
,10년 넘게 변호사를 했습니다。,,
,（아무래도、이 나라에는,,
,변호사가 드문 모양이네）,,
,재판장님。여기선 제 모국의,,
,방식대로 해도 되겠습니까?,,
,아니‥‥하지만,,
,이미 판결이 나온 상태라‥‥。,,
,크크。피가 끓는다고 할까요。,,
,옛날 생각이 나서 말이죠。,,
,흐음‥‥。,,
,오늘은 집사람과 같이,,
,배우기로 한 게 있어서‥‥。,,
,재판장。좋지 아니한가!,,
,여흥으로는 나쁘지 않지。,,
,20년 만이잖아?,,
,변호사가 여기 법정에 서는 건。,,
,（2‥‥20년 만이라고?,,
,이 나라는 어떻게 된 거지!),,
,아우치 검사。훌륭하게,,
,뾰족 머리를 물리쳐 봐라。,,
,분부대로 하겠습니다。,,
,이 수석검사가 반드시!,,
,흐음。레이파 님과 아우치 님이,,
,그러시겠다면‥‥。,,
,게다가 그도 변호사라면,,
,각오는 돼 있을 테니。,,
,（각오‥‥? 무슨 소리지?）,,
,괜찮겠지요?,,
,나루호도 류이치 공。,,
,감사합니다。아우치 검사님。,,
,（기억하지 못해서 죄송해요）,,
,수석검사‥‥입니다。이 나라에선,,
,무패의 아우치라고 불리죠。,,
,크크크큭。예는 갖추지 않아도,,
,됩니다。하지만‥‥,,
,당신은 반드시 굴복하게 될 겁니다。,,
,저와 이 나라의 법조계 앞에서。,,
,（? 뭐지。이 이상할 정도의,,
,자신감은‥‥?）,,
,（게다가‥‥）,,
,（방청인들의 모습도,,
,조금 이상해 보이는데‥‥）,,
,또 진실을 왜곡하려고,,
,그러는 거냐! 변호사 놈!,,
,힘내라! 아우치 수석검사!,,
,변호사 놈을 박살 내버려!,,
,（왜 이렇게、,,
,변호사를 싫어하는 거지?）,,
,,,
,그럼 다시‥‥,,
,서두 변론을 부탁드립니다。,,
,‥‥알겠습니다。,,
,피고인에게 묻는 죄는 2가지。,,
,절도‥‥그리고 살인입니다。,,
,어제 지인사의《보물창고》에서,,
,《시조의 보옥》이 사라졌습니다。,,
,그리고《보물창고》에선,,
,안이 텅 빈 비보의 함과‥‥,,
,경비원 미마 와루히토 씨의,,
,시신이 발견되었습니다。,,
,미마 씨는 비보의 함의 경비를,,
,맡고 있었습니다。,,
,비보를 훔친 범인에게,,
,살해당했다고 생각됩니다。,,
,권총으로 무장한 경비원을,,
,살해하다니‥‥무섭군요。,,
,네。그렇죠‥‥。,,
,피해자의 해부기록과 현장 사진을,,
,제출하겠습니다。,,
,증거품《미마의 해부기록》의,,
,데이터를 법정기록에 추가했다。,,
,증거품《현장 사진》의,,
,데이터를 법정기록에 추가했다。,,
,흐음。증거품이 법정에,,
,제출된 건 참 오랜만이군요。,,
,왠지 신선한 느낌입니다!,,
,하하하!,,
,《영혼의 신탁》이 있다 해도,,
,경찰 수사는 이뤄지고 있습니다。,,
,이 아우치가! 완벽한 증거를!,,
,준비해 놓겠습니다!,,
,（제대로 준비한 건지,,
,의심스럽구만）,,
,（증거품은《법정기록》에서,,
,볼 수 있었지）,,
,（나중에 제대로 확인해보자）,,
,하지만‥‥어찌 이런 일이。,,
,건국의 어머니인 시조님의 비보가,,
,도난당하다니‥‥,,
,우리나라의 근간을 흔드는,,
,중대 사건입니다!,,
,결코、용서받을 수 없습니다。,,
,《국가반역죄》가 적합합니다。,,
,그《비보》라는 게、그렇게,,
,가치가 있는 물건입니까?,,
,무、무슨 소릴 하는 겁니까!,,
,당연하지요!,,
,어쨌든、비보에는《시조》님의,,
,영혼이 봉인되어 있으니까요。,,
,영혼이? 봉인되어 있다?,,
,（꽤 수상해 보이는걸）,,
,흠흠。,,
,당신은 믿지 않는 것 같군요!,,
,그、그런 건 아닙니다!,,
,（일단은 맞장구쳐주자‥‥）,,
,흥。이래서、,,
,불경한 변호사는 싫은 겁니다。,,
,저기―。,,
,이번엔 또 뭡니까?,,
,비보라는 것을 본 적이 없어서、,,
,그다지 와닿지 않는데‥‥,,
,사진 같은 것은 없습니까?,,
,무、무、무슨 소립니까 그게!,,
,이러니、무식한 변호사는‥‥!,,
,（아까부터 화만 내는군。,,
,저러다 쓰러지겠어）,,
,왕족 이외에는、《비보》자체를,,
,보는 것이 금지되어 있습니다。,,
,영력이 없는 자가 보면、,,
,눈이 멀어버린다고 하죠。,,
,따라서、비보는 일반적으로、,,
,모습이 알려져 있지 않습니다。,,
,（일본에 있는、일반공개가,,
,되지 않는 불상 같은 건가）,,
,무지하고도 무식한 변호사에게、,,
,이걸 드리도록 하죠。,,
,8년 전、비보가 발굴되었을 때,,
,찍은 사진이 실린 신문입니다。,,
,이것 외에는、어떤 모습의,,
,사진도 남겨져 있지 않습니다。,,
,게다가、《비보의 함》이,,
,보물창고 밖으로 나오는 것은‥‥,,
,1년에 한 번、정월에 왕궁에서,,
,열리는 특별한 의식을 할 때뿐。,,
,함을 본 적 있는 사람조차、,,
,거의 없다고 해도 좋습니다。,,
,증거품《비보의 함》의,,
,데이터를 법정기록에 추가했다。,,
,최근、사원의 역사적 유물이,,
,도난당하는 사건이 계속되더군요。,,
,맞습니다。유물을 훔쳐서,,
,팔아치우는 괘씸한 도둑‥‥,,
,피고인이야말로、,,
,그 범인이었던 것입니다。,,
,견습 승려라는 입장을 이용해、,,
,비보에 접근하려 했다‥‥。,,
,피고인의 가정은、,,
,형편이 좋다고 할 순 없습니다。,,
,집안을 돕고자、수행을 하며,,
,관광 가이드의 일도 하고 있죠。,,
,,,
,사건의 개요、잘 알겠습니다。,,
,과연、아우치 수석검사군요。,,
,음。변호인。,,
,더는 질문은 없는 거죠?,,
,네?,,
,있습니다。질문!,,
,흐음。집요하군요。,,
,방금도 여러 가지를 물어봤으면서。,,
,‥‥간단히 해주세요。,,
,약속이 얼마 남지 않았습니다。,,
,（이 사람‥‥아직도 집사람과,,
,뭘 배우러 갈 생각인가‥‥）,,
,（나는、이 사건에 대해,,
,거의 아는 게 없어）,,
,（좀 더 물어봐야겠네）,,
,,,
,（아직 설명을 못 들은 건,,
,어떤 거지?）,,
,,,
,아우치 검사。,,
,사건 현장은 어디였습니까?,,
,네?,,
,아까、보물창고라 했잖습니까。,,
,（아。맞다‥‥）,,
,후우。이런 이런。,,
,거짓말쟁이 변호사는、윤리관뿐만,,
,아니라、기억력도 부족하군요。,,
,아무래도、닭과 비슷한,,
,지능을 소유한 것 같군요。,,
,호호호。변호사 머리에 솟은 것은,,
,닭 벼슬이었군요。,,
,（우와。비웃는 방법은、,,
,만국 공통인가 보군‥‥）,,
,잠깐、기다려주세요!,,
,다시 한번 질문하게 해주세요!,,
,,,
,피고인의 범행동기는、,,
,어떤 것이었을까요?,,
,그거라면、아우치 검사가,,
,설명했던 것입니다。,,
,생활비를 위해 비보를,,
,팔아치웠다‥‥라고。,,
,어라?,,
,그、그랬었죠‥‥。,,
,변호사는 남의 말을 듣지 않는,,
,다는 것이 사실인 것 같군요。,,
,죄송합니다!,,
,다시、질문하게 해주세요!,,
,‥‥어쩔 수 없군요。,,
,,,
,아우치 검사。,,
,흉기는 무엇이었습니까?,,
,흉기는‥‥,,
,《비보의 함》자체입니다。,,
,현장에 남아있던 함에는,,
,혈흔이 확실히 남아있었습니다。,,
,신성한 함으로 살인이라니‥‥,,
,무서운 일이군요。,,
,,,
,피고인은 비보를 훔치기 위해,,
,보물창고에 들어갔습니다。,,
,제단의 계단을 올라가,,
,비보의 함을 가져가려 했겠죠。,,
,하지만 그곳을 순찰하던,,
,미마 씨에게 들켜버렸습니다。,,
,그때 보물함으로 미마 씨의,,
,머리를 친 피고인은‥‥。,,
,피가 묻은 보물함을 열어,,
,비보만 들고 사라진 겁니다。,,
,증거품《비보의 함》의,,
,데이터를 갱신했다。,,
,하지만‥‥,,
,피고인은 아직 작은 소년입니다。,,
,다 큰 어른인 피해자의 머리를,,
,때리기엔 힘들 것 같은데요?,,
,좋은 지적입니다。,,
,하지만‥‥유감이군요。,,
,범행 당시、피고인은 제단의,,
,계단 위에 있었습니다。,,
,계단의 높이 덕분에,,
,신장 차는 극복 가능했던 겁니다。,,
,（으‥‥그렇군‥‥）,,
,하하하하하!,,
,아우치 수석검사의 추리는,,
,조금의 빈틈도 없군요。,,
,정말 아름다운 논리입니다。,,
,훌륭해요! 대단해요!,,
,역시! 수석검사!,,
,역시 대단합니다!,,
,즉、역시 피고인의,,
,유죄는 결정적이군요。,,
,판결로 넘어가겠습니다。,,
,괜찮지요?,,
,그럼 판결을‥‥,,
,자、잠깐 기다려주세요!,,
,왜 은근슬쩍,,
,판결을 내리려 하십니까!,,
,그러니까 이제 시간이‥‥,,
,아아아아아아아아앗!,,
,어느새 수업시간이,,
,지나버렸지 않습니까!,,
,（그런 걸 알 리가 없잖아！）,,
,본인의 변론조차 듣지 않고 판결을,,
,내리는 건 이상하다고 생각합니다!,,
,변호 측은,,
,피고인의 심문을 요구합니다!,,
,‥‥‥‥‥‥‥‥‥‥‥‥‥‥‥‥,,
,（어라‥‥?）,,
,（나、뭔가 이상한,,
,말이라도 한 건가?）,,
,심‥‥문‥‥?,,
,뭡니까、그건?,,
,네에?! 아니 아니!,,
,무슨 말씀입니까!,,
,들어본 적이 있는 것 같기도‥‥,,
,없는 것 같기도‥‥。,,
,심문이란 건 이미 20년 이상,,
,행해지지 않았으니까요。,,
,（맙소사‥‥。,,
,그런 일이 있을 수 있나?）,,
,어쨌든! 피고인의 말을,,
,들어보자는 겁니다!,,
,‥‥‥‥‥‥,,
,필요합니까、그거?,,
,필요합니다!,,
,크크크。좋습니다。재판장님。,,
,피고인의 말을 들어보죠。,,
,쓸모없는 짓인 것 같지만요‥‥。,,
,크크크크、크크크크、크크크크크。,,
,（왠지 점점 싫어지려고 하네）,,
,으으음‥‥。알겠습니다。,,
,아우치 님이 그렇게 말씀하신다면。,,
,이미‥‥수업시간도,,
,지나버렸으니 말이죠。,,
,그럼 다시 피고인을,,
,증인석에 세워 보도록 하죠。,,
,아。그 전에、,,
,집사람에게 사과해야 하는데,,
,연락‥‥하고 와도 되겠습니까?,,
,‥‥그러세요。,,
,이제 마음대로 하세요‥‥。,,
,,,
,피고인。,,
,다시 이름과 직업을。,,
,보쿠토 츠아니입니다‥‥。,,
,승려가 되기 위해 수행 중입니다。,,
,그리고、관광 가이드도‥‥。,,
,후우‥‥。,,
,아。뭐였지요?,,
,심문‥‥입니다。,,
,그걸 하겠습니다。,,
,그쪽 변호사가,,
,꼭 하고 싶다고 하니。하아‥‥。,,
,（목소리에 기운이 없어 보여。,,
,부인한테 혼이라도 난 걸까‥‥）,,
,변호인。,,
,적당히 빨리 부탁드립니다。,,
,‥‥변‥‥호‥‥인‥‥,,
,나루호도 씨。,,
,변호사‥‥였군요。,,
,응。,,
,내가 널 변호할 거야。,,
,괜찮아。제대로 사실을,,
,증언하면 되는 것뿐이야。,,
,절‥‥속이셨군요。,,
,응?,,
,변호사란 걸 알았다면,,
,가이드하지도 않았을 텐데。,,
,어제 준《곡옥만두》‥‥,,
,다시 돌려주세요!,,
,보、보쿠토、왜 그래?,,
,함부로 이름을 부르지 마세요。,,
,‥‥불쾌‥‥합니다。,,
,,,
,함부로 이름을 부르지 마세요。,,
,‥‥불쾌‥‥합니다。,,
,,,
,（보、보쿠토까지‥‥,,
,왜 다들 이러는 거지?）,,
,크크크。신선하죠?,,
,피고인에게 미움받는 건。,,
,‥‥‥‥‥‥‥‥‥‥‥‥,,
,그럼‥‥,,
,증언을 부탁드립니다。,,
,사건은 낮 12시경에,,
,일어났습니다。,,
,오전과 오후 사이 봉납무의,,
,휴식시간입니다。,,
,그때 뭘 하고 있었는지,,
,말해주십시오。,,
,네‥‥。알겠습니다‥‥。,,
,,,
,～피고인의 변론～,,
,저는 미마 씨를 안 죽였어요。,,
,비보도 훔치지 않았고요。,,
,보물창고에 접근하는 건,,
,금지되어 있고‥‥,,
,그런 녹색 쿠라인 나비가,,
,그려진 함은 본 적도 없습니다。,,
,사건이 일어났을 즈음에는 복도에서,,
,가이드 코스를 확인했습니다。,,
,피해자와는,,
,친분이 있었습니까?,,
,네‥‥사원에서 만날 때마다,,
,말을 걸어주었어요。,,
,미마 씨도 어렸을 땐,,
,견습 승려였다고 해요。,,
,（보쿠토의,,
,선배라는 건가‥‥）,,
,하지만、집안의 생계유지 때문에,,
,일하지 않으면 안 되었고‥‥,,
,그래도 사원에 남고 싶어 해서,,
,경비원이 되었다고 해요。,,
,하지만、최근엔《비보의 함》의,,
,경비를 맡아서 자랑스러워했어요。,,
,정월 의식 때 비보를 왕궁으로,,
,옮기는 중요한 일도 했다면서。,,
,,,
,하지만、최근엔《비보의 함》의,,
,경비를 맡아서 자랑스러워했어요。,,
,정월 의식 때 비보를 왕궁으로,,
,옮기는 중요한 일도 했다면서。,,
,,,
,피해자의 양친은,,
,일찍이 사망했다는군요。,,
,그래서 그는 어린 동생들을,,
,키워야만 했을 겁니다。,,
,경비원으로 일해도、어려운,,
,생활은 변함없었지만 말이죠。,,
,（형편이 보쿠토와,,
,비슷했었던 모양이군）,,
,미마 씨는、,,
,저한테 자주 이렇게 말했어요。,,
,「보쿠토、너는 열심히,,
,수행해서 꼭 승려가 되렴」,,
,「나처럼은 되지 마라」,,
,‥‥라고。,,
,,,
,「보쿠토、너는 열심히,,
,수행해서 꼭 승려가 되렴」,,
,「나처럼은 되지 마라」,,
,‥‥라고。,,
,,,
,수행하는 것도、관광 가이드의,,
,일도 응원해주었습니다。,,
,그런 사람을、,,
,죽일 리가 없잖습니까!,,
,네、네。그렇군요。,,
,하고 싶은 말、잘 알았습니다。,,
,변호인。피고인의 변론을 듣고,,
,기분이 좀 풀리셨습니까?,,
,그럼、,,
,이것으로 끝내도록 하죠‥‥,,
,아니 아니!,,
,아직 심문은 하지도 않았습니다!,,
,응?,,
,아직 안 끝난 겁니까?,,
,너무 오랜만이어서、《심문》이,,
,뭐였는지 기억이 안 나는군요。,,
,（심문을 모르는 재판장이라니、,,
,제발 봐주라‥‥）,,
,으음。,,
,어떤 식으로 하는 거였을까요‥‥。,,
,（재판장에게、,,
,심문에 대해서 설명할까?）,,
,,,
,（어쩔 수 없군。,,
,설명하도록 할까‥‥）,,
,재판장님。,,
,《심문》에 대해 가르쳐 드리죠。,,
,우선、우리 변호사는、,,
,증인의《증언》을 잘 듣습니다。,,
,그리고、《제시하기》（）로,,
,법정기록을 열어서 비교합니다。,,
,어、어째서,,
,그런 일을 하는 겁니까?,,
,증언과 모순되는 증거품을,,
,《제시하기》（）위해서죠。,,
,저、전시하기입니까!,,
,증거품을! 전시하는 겁니까!,,
,（전시하기가 아니라,,
,제시하기인데‥‥）,,
,증언에는 거짓이나 착각이,,
,섞여 있을 수도 있으니까요。,,
,하지만‥‥,,
,증인의 증언에 반드시 모순이 있다,,
,라곤 할 순 없지 않나요?,,
,그럴 때는、,,
,증언에《추궁하기》（）를 합니다。,,
,이를 통해、새로운 정보나 증언이,,
,나올 수 있기 때문이죠。,,
,이게 무슨 말입니까。,,
,《추궁하기》라니‥‥,,
,폭력은 안 됩니다!,,
,변호인!,,
,괘、괜찮습니다!,,
,말로 하지 주먹은 쓰지 않습니다。,,
,으으으。정말입니까?,,
,변호사가 하는 일이니‥‥。,,
,수상한 낌새가 보이면、,,
,즉시 담당관을 부르겠습니다!,,
,（뭐야 이게‥‥재판장은 그냥,,
,내버려 두도록 할까‥‥）,,
,（어쨌든、,,
,눈앞의 심문에 집중하자）,,
,（《증언》과《법정기록》을,,
,잘 비교해 보는 거야‥‥!）,,
,,,
,（굳이 가르쳐 줄 필요는 없겠지。,,
,가르치는 것도 일이고）,,
,（이쪽의 페이스에,,
,맞춰서 해보도록 할까）,,
,,,
,～피고인의 변론～,,
,저는 미마 씨를 안 죽였어요。,,
,비보도 훔치지 않았고요。,,
,,,
,보물창고에 접근하는 건,,
,금지되어 있고‥‥,,
,,,
,그런 녹색 쿠라인 나비가,,
,그려진 함은 본 적도 없습니다。,,
,,,
,사건이 일어났을 즈음에는 복도에서,,
,가이드 코스를 확인했습니다。,,
,,,
,（보쿠토가 살인을 했다곤,,
,생각하지 않아。하지만‥‥）,,
,함부로 이름을 부르지 마세요。,,
,‥‥불쾌‥‥합니다。,,
,（그 태도로 보면、진실을,,
,말하고 있는 건지 아닌지‥‥）,,
,（증언과 법정기록을、주의 깊게,,
,비교해 보는 것이 좋겠어）,,
,（만약 모순된 증언이 있으면、,,
,증거품을 제시할 수밖에）,,
,,,
,（큭! 이럴 때 파트너에게,,
,《상담하기》를 하고 싶은데‥‥）,,
,크큭。힘들어하는 것 같군요。,,
,부하 없이는 아무것도 못 합니까?,,
,혼자서는 변호할 수 없다니、,,
,오히려 짐만 되는 상사로군요。,,
,（무슨 소릴! 부하들이 그런 식,,
,으로 생각할 리가 없어!）,,
,（기합 넣고 가 보자!,,
,나루호도 류이치!）,,
,（지금까지의 정보를 종합하면‥‥,,
,수상한 건 바로 이 증언이야!）,,
,,,
,응。,,
,나도 그렇게 믿고 있어。,,
,‥‥‥‥‥‥‥‥‥‥,,
,‥‥그렇‥‥겠죠。,,
,당연히 변호사는 그렇게 말하죠。,,
,아。그、그런 식으로,,
,말하지 않아도‥‥。,,
,크크크。당연히 변호사는 거짓말을,,
,해서라도 무죄를 주장하지요。,,
,뭐。,,
,피고인도 마찬가지겠지만요。,,
,벼、변호사 따위와,,
,같은 취급하지 말아 주세요!,,
,저는 거짓말은 안 했습니다!,,
,절도와 살인도 안 했다고요!,,
,,,
,접근이 금지되어 있다?,,
,그건、어째서 그런 거지?,,
,사원의 규칙입니다。중요한 걸,,
,많이 보관하고 있기 때문에‥‥,,
,특히 시조의 보옥은 왕족 말곤,,
,봐선 안 되는 물건이니까요。,,
,（영력이 없는 사람이 본다면、,,
,눈이 멀어버린다고 했었지）,,
,《비보의 함》자체는 본다고 해도,,
,눈이 머는 건 아닌 것 같지만。,,
,저는 거듭 말씀드리지만,,
,보물창고에 가지 않았습니다。,,
,그러니까‥‥,,
,,,
,나비가 그려진 함?,,
,그게。저기、조금 전의,,
,신문 기사를 봐주세요。,,
,비보의 함에는、쿠라인 나비의,,
,부조가 그려져 있습니다。,,
,（여기、뒷면에 새겨져 있는,,
,무늬 말인가‥‥）,,
,쿠라인 나비는 영혼을 나르는,,
,성스러운 나비입니다。,,
,특징적인 원형의 날개로,,
,영혼을 명계로 나르는 거죠。,,
,여기、제 뒤쪽에。재판장석에도,,
,그려져 있지요?,,
,（과연‥‥）,,
,（‥‥재판장을 명계로 나르는 것,,
,처럼 보이는데）,,
,어쨌든、전 비보의 함 따위,,
,본 적 없습니다。왜냐하면‥‥,,
,,,
,가이드 코스라는 건‥‥?,,
,‥‥‥‥‥‥‥‥‥‥,,
,당신을 안내하기 위한,,
,준비였어요。,,
,그런 준비를 하고 있었구나。,,
,고마워。,,
,‥‥변호사라는 것을 알았다면、,,
,그런 일은 하지 않았을 텐데。,,
,쓸데없이 시간을 낭비해버렸습니다。,,
,돌려주세요!,,
,（그、그렇게 말해도）,,
,（뭐지? 변호사라는 걸 알게 되자,,
,태도가 변하다니‥‥）,,
,‥‥‥‥‥‥‥‥,,
,제가 보기엔、이 증거품은,,
,문제가 없어 보입니다만‥‥。,,
,（이런!,,
,틀린 건가‥‥）,,
,역시 변호사의 말장난입니까‥‥。,,
,용서할 수 없군요。,,
,시조님의 이름으로,,
,벌을 주겠습니다。,,
,‥‥‥‥큭!,,
,（증거품은、,,
,이게 맞는 것 같은데‥‥）,,
,（《증언》을、다시 한번,,
,검토해볼까）,,
,,,
,증인의 발언은 이 증거품과,,
,분명히 모순되고 있습니다!,,
,그것이、당신의 목숨을,,
,걸고 하는 지적입니까‥‥。,,
,도대체 어디에 그 모순이,,
,있다고 하는 겁니까?,,
,‥‥‥‥‥‥,,
,（으。위험해‥‥）,,
,죄송합니다。,,
,다시 해도 될까요?,,
,물론 상관없습니다만‥‥,,
,당신의 수명은 줄어들 것 같군요。,,
,벌을 주겠습니다!,,
,（으으으으‥‥）,,
,（하지만、분명히 이 증언이,,
,수상하다고 생각해‥‥）,,
,（《법정기록》을 검토해보자。,,
,모순된 증거가 있을 거야）,,
,,,
,증인의 발언에는、,,
,이상한 부분이 있습니다。,,
,근거는、이 증거품입니다!,,
,‥‥‥‥‥아무래도、,,
,이상이 있는 건‥‥,,
,변호인의 이의 쪽인 것 같군요。,,
,잘못을 뉘우치도록 하세요!,,
,（실패한 건가‥‥‥‥!）,,
,（왠지‥‥대답이 완전히,,
,빗나간 것 같은 기분이 드네）,,
,（《증언》과《증거품》을,,
,검토하는 게 좋겠다‥‥）,,
,거기까지!,,
,본 법정은 이 이상 심리의,,
,필요성을 인정하지 않습니다。,,
,변호인의 반증은 검찰 측 주장을,,
,뒤집을 힘이 없습니다。,,
,변호인은 쿠라인 법률에 의거、,,
,《변호죄》가 적용됩니다。,,
,그러면‥‥,,
,피고인、보쿠토 츠아니 및,,
,변호인、나루호도 류이치에게‥‥,,
,판결을 선고합니다。,,
,（보쿠토‥‥,,
,왜 거짓말을 한 거야‥‥?）,,
,너는 비보의 함을,,
,본 적이 없는 거지?,,
,네。금지되어 있으니까요。,,
,그런 건 못해요。,,
,그럼 왜‥‥녹색 나비가,,
,그려져 있는 걸 아는 거야?,,
,네?,,
,그、그건‥‥신문의 사진에,,
,찍혀 있잖아요。,,
,잘 보렴。,,
,신문의 사진은 흑백이야。,,
,이것만 봐서는、,,
,색깔까지 알 수 있을 리가 없어!,,
,히아아아앗!,,
,（응? 뭐지?,,
,저 가방이 움직인듯한‥‥）,,
,포、포‥‥포루쿤캇!,,
,네?,,
,아。‥‥지금 건 쿠라인어로,,
,놀랐을 때 하는 말입니다。,,
,거、거짓말을 파헤치다니!,,
,이것이《심문》이란 거군요!,,
,（너무 놀라잖아‥‥,,
,이쪽이 더 놀랐다고）,,
,하지만‥‥,,
,피고인이 거짓말을,,
,했다는 것은‥‥。,,
,더욱 수상하지 않습니까!,,
,（으‥‥크、큰일이야‥‥!）,,
,보쿠토。,,
,뭔가 숨기는 게 있니?,,
,솔직히 증언해줘。그렇지 않으면,,
,너를 도울 수 없어。,,
,‥‥‥‥‥‥‥‥‥‥,,
,（난감하군‥‥。완전히 마음을,,
,닫아 버렸어）,,
,크크크‥‥。,,
,피고인。역시 당신은,,
,함을 본 적이 있군요。,,
,으‥‥。,,
,사실 예、옛날에 보물창고를,,
,청소할 때 언뜻 본 적 있어요。,,
,그럼、사건 때 보물창고에,,
,간 건 아니지?,,
,‥‥‥‥무、물론이죠。,,
,음‥‥。,,
,그건 거짓말이군요。,,
,사건 당일、당신은 보물창고에,,
,갔을 겁니다。,,
,그 증거가 있다구요。,,
,（어? 뭐라고?）,,
,이것이 보물창고 안에,,
,떨어져 있었습니다。,,
,승려의 업무가 적힌 두루마리,,
,“연락서”라고 불리는 겁니다。,,
,안에는 사건 당일의 연락사항이,,
,적혀 있습니다。,,
,그、그게,,
,어쨌다는 겁니까!,,
,이 두루마리에서 피고인의,,
,지문이 검출되었단 겁니다。,,
,뭐라고요!,,
,그런!,,
,어라?,,
,진짜로 없어!,,
,어디에선가 흘렸을지도‥‥。,,
,그것은 물론 피해자를,,
,살해했을 때겠죠!,,
,으윽!,,
,증거품《연락서》의,,
,데이터를 법정기록에 추가했다。,,
,（그、그런‥‥,,
,그렇다면‥‥）,,
,（보쿠토는 사건 당일,,
,현장에 간 건가?）,,
,하～하하하하!,,
,과연。이것이 심문이군요。,,
,피고인이 변론할수록,,
,유죄 혐의가 짙어지는군요。,,
,아무래도、그런 것 같군요。,,
,크크크크。,,
,（제길! 주장을 예측하고,,
,증거품을 준비하고 있었군!）,,
,뭐야 저거。결국 불리하게,,
,되었잖아。,,
,당연하지。변호사의 거짓말,,
,따위가 통할 리 없어!,,
,무녀공주님이 저 꼬마는 유죄라고,,
,말씀하셨으니까。,,
,어이! 빨리 유죄판결로,,
,끝내버려!,,
,으‥‥으‥‥,,
,아니에요‥‥,,
,어떡하지‥‥미타마루,,
,나는‥‥어떻게 해야‥‥,,
,역시、심문 같은 걸,,
,한 의미는 없었던 것 같군요。,,
,（큭‥‥）,,
,애초에 피고의 유죄는 무녀공주님의,,
,신탁이 있는 이상 틀림없습니다。,,
,（역시 그《신탁》이라는 것을,,
,무너뜨려야 하는 건가‥‥!）,,
,역시 여흥거리도 못 되는군요。,,
,이번에야말로‥‥판결을 내리죠。,,
,기다려 주십시오!,,
,저는 아직 그《영혼의 신탁》,,
,이라는 걸 듣지 못했습니다。,,
,변호인에게는,,
,확인할 권리가 있습니다!,,
,흐음‥‥。,,
,필요한 겁니까?,,
,저는、빨리 집사람에게 사과하러,,
,가야 하는데 말이죠‥‥,,
,（역시나、혼났나 보네）,,
,재판장님。저는 꼭,,
,보여줘야 한다고 생각합니다。,,
,아우치 수석검사。,,
,그건、또 어째서죠?,,
,보고 싶지 않으십니까?,,
,《영혼의 신탁》의 힘으로‥‥,,
,짓밟힌 변호사가、,,
,울면서 자비를 구걸하는 걸。,,
,호오‥‥!,,
,사모님과 약속을 지키지 못한,,
,기분도 풀릴 거라 생각합니다。,,
,그건、재미있을 것 같군요。,,
,집사람에게 좋은 선물이 되겠네요。,,
,하～하하하하!,,
,（뭐라는 거야‥‥）,,
,직접 보지 않으면 이방인인,,
,당신은 납득하기 어렵겠죠。,,
,이례적이기는 하지만、한 번 더,,
,《영혼의 신탁》을 진행하죠。,,
,단、본 후에는 즉시 돌아가세요。,,
,눈물이라도 흘리면서‥‥말이죠。,,
,（울까 보냐‥‥!）,,
,크크크크。변호인의 발버둥을,,
,보고 있자니 슬퍼지는군요。,,
,그 발버둥의 끝에는,,
,절망밖에 없다는 걸 모르고‥‥。,,
,,,
,‥‥‥‥‥‥‥‥‥‥,,
,（무녀공주님‥‥인가）,,
,레이파 님。다시 번거롭게,,
,하게 해서 죄송합니다。,,
,‥‥괜찮다。,,
,이게 나의 임무니깐 말이다。,,
,‥‥‥‥뾰족 머리 변호사여。,,
,네、넵。,,
,위대한 영혼의 신탁을,,
,의심하다니‥‥。,,
,그대는 자신이 하고 있는 게,,
,불경한 짓인 걸 모르는가 보구나。,,
,저는 이방인이니까,,
,이 나라에 대해 잘 모릅니다。,,
,실례되는 점 사과드립니다。,,
,하지만、저는 공평한 재판을,,
,하고 싶을 뿐입니다。,,
,이 나라의 재판이 공평치 않다?,,
,위대한 영혼이 말해주는 진실의,,
,판결이 어디가 불공평하단 거지?,,
,,,
,이 나라의 재판이 공평치 않다?,,
,위대한 영혼이 말해주는 진실의,,
,판결이 어디가 불공평하단 거지?,,
,,,
,변호사 없이 변론조차 할 수,,
,없는 재판이 어찌 공평합니까!,,
,저、저기! 무녀공주님께,,
,실례되는 말을 해선 안 됩니다!,,
,저 자식、우리,,
,무녀공주님께 무슨 소릴!,,
,아무것도 모르는 이방인 주제에,,
,어디서 잘난 듯 까불고 있어!,,
,용서 못 해!,,
,지금 당장 단죄해야 한다!,,
,（우와‥‥。뭔가 위험한,,
,발언을 해버린 것 같네）,,
,단죄하라! 단죄하라!,,
,단죄하라! 단죄하라!,,
,모두 조용히 해라!,,
,（무녀공주님‥‥?）,,
,일일이 아우성치지 마라‥‥。,,
,이 자는 단지,,
,자신의 생각을 말했을 뿐이다。,,
,（뭐야。무녀공주님은,,
,생각보다 멀쩡하잖아）,,
,변호사는 불경한 거짓말을 하는,,
,검게 더럽혀진 영혼을 가진 자。,,
,그런 벌레만도 못한 인간의 말에,,
,소란을 일으킬 필욘 없다。,,
,（더 심하네‥‥）,,
,그대가 무슨 말을 하든,,
,신탁의 진실은 변하지 않는다。,,
,자신의 어리석음을,,
,깨닫도록 해라!,,
,그럼、레이파 님‥‥,,
,《영혼의 신탁》을 부탁드립니다。,,
,음‥‥。알겠다。,,
,바야‥‥상의를。,,
,,,
,시조님의 이름 아래,,
,《영혼의 신탁》을 시작하겠다!,,
,모두!,,
,눈을 뜨고 귀를 기울여라!,,
,지금 봉납의 춤으로、,,
,피해자의 영혼을 불러들이겠다!,,
,똑똑히 보아라! 《수경》에,,
,비치는 《최후의 기억》을!,,
,（뭐、뭐야 방금‥‥。,,
,수면에 영상이 떠올랐어）,,
,피해자의 영혼의 마지막 메시지。,,
,잘 들었습니다‥‥。,,
,《영혼의 신탁》이,,
,나온 것 같군요。,,
,무녀공주님은 영매의 힘으로,,
,피해자의 기억을 비출 수 있죠。,,
,《죽기 직전의 몇 초》의,,
,기억을 말입니다。,,
,（설마、방금 건 피해자가,,
,체험한 일이란 건가!）,,
,거기에는 흉기를 들어 올린,,
,피고인의 모습이 비쳐있습니다。,,
,경찰의 수사 결과에도,,
,모순점은 없습니다。,,
,뭐、뭔가 잘못됐어요‥‥!,,
,저、저는 하지 않았어요‥‥!,,
,（이、이건‥‥,,
,결정적이잖아!）,,
,크크크크。이게 제 무패의,,
,비밀입니다。알겠습니까?,,
,（그건 자기 실력이 아니잖아!）,,
,（그나저나 피해자의 기억이라니‥‥,,
,도대체 어쩌면 좋지?）,,
,크크크크크크!,,
,궁지에 몰린 그 표정!,,
,그 얼굴이 보고 싶었습니다。,,
,최고군요。재판장님。,,
,네。그렇네요。,,
,후련해졌습니다!,,
,여행객이여。알겠습니까?,,
,피고인은 확실히 유죄입니다。,,
,（이 사람들、재판에 개인적인,,
,감정을 너무 끼워대잖아）,,
,여흥은 여기까지로 하죠。,,
,지금 그만두면《변호죄》를,,
,특별히 면해드리겠습니다。,,
,결과를 인정하고、,,
,조국으로 돌아가세요。,,
,변호죄?,,
,그건 뭔가요?,,
,네?,,
,설마 모르는 겁니까?,,
,네。뭐。,,
,（뭐길래 모두 놀라는 거지?）,,
,이런、이런‥‥,,
,터무니없는 바보였군。,,
,재판장이여、《변호죄》에 대해,,
,들려주거라‥‥。,,
,네。,,
,쿠라인 형법에는,,
,이렇게 기재되어 있습니다。,,
,『이 나라 여왕의 이름 하에、,,
,범죄자와 한 패가 된 자는‥‥』,,
,『범죄자와 같은 죄를 내린다』,,
,즉、변호석에 선 자는,,
,피고인이 유죄였을 경우‥‥,,
,《동일한 죄》가 부여됩니다。,,
,（뭐엇!,,
,뭐야、그런 법이 어딨어!）,,
,지금까지 많은 변호사들이,,
,단죄되어 사라져갔습니다。,,
,어떤 자는 투옥되었고,,
,어떤 자는 사형되기도 했습니다。,,
,그래서 이미 이 나라는 변호사를,,
,자처하는 사람이 없습니다。,,
,흥。당연하지。,,
,변호사는 범죄자를 구하기 위해,,
,태연히 거짓말을 하는 더러운 혼。,,
,그것은、우리나라의,,
,재판의 역사가 증명하고 있지。,,
,변호사는、,,
,사라져야 할 존재인 것이다!,,
,사라져라! 사라져라!,,
,（법정 전체에서 변호사에 대한,,
,강한 적의가 느껴져!）,,
,（이 나라에서、과거에,,
,무슨 일이 있었던 거지‥‥）,,
,크‥‥크크크‥‥,,
,핫하하하하!,,
,함정에 걸렸군요!,,
,나루호도 류이치!,,
,저와 제 형을 격파해온,,
,당신의 무패기록은 여기서 끝。,,
,《신탁》과《변호죄》에 의해,,
,제 복수가 이루어졌습니다!,,
,（그러기 위해서、내게 변호를,,
,시켰던 건가‥‥!）,,
,일본 법조계에서 쫓겨나、,,
,방황하다가 도착한 쿠라인。,,
,이 나라에서 수석검사가,,
,된 보람이 있었군요。,,
,유죄판결이 내려지면、당신도,,
,감옥에 들어가게 됩니다。,,
,（그래서、,,
,아까 보쿠토가‥‥）,,
,변호라니! 아、안 돼요!,,
,나루호도 씨! 그것만은‥‥!,,
,재판장님。투옥은 약합니다。,,
,이 일은、《국가반역죄》。,,
,그 죄는、목숨으로,,
,치러야 한다고 생각합니다。,,
,음。사형도,,
,각오해야 하겠군요。,,
,사、사사사사형!,,
,（그런、말도 안 되는 일이!）,,
,서、설마。물론。,,
,노、농담이겠죠?,,
,하하하핫!,,
,‥‥농담이 아닙니다。,,
,당신은、그 더럽혀진 영혼과,,
,목숨을 걸어야 할 겁니다!,,
,（으‥‥농담이지。,,
,내가‥‥죽는다고‥‥?）,,
,‥‥《단념의 법정》。,,
,그게 우리나라의 법정이다。,,
,《신탁》이 진실을 보여주고、,,
,변호사가 사라진 이 법정에서는‥‥,,
,영혼이 더럽혀진 범죄자는、,,
,단념할 수밖에 없으니까。,,
,이국의 변호사여。,,
,당신은、그래도‥‥,,
,피고인을 변호하실 겁니까?,,
,（큭‥‥）,,
,（마요이를 위해서도‥‥）,,
,（나는、여기서 죽을 수는 없어）,,
,,,
,（나는‥‥나는,,
,어쩌면 좋지?）,,
,,,
,（처음 온 나라에서 우연히,,
,마주친 재판이야‥‥）,,
,（목숨을 걸 필요까지는,,
,없잖아!）,,
,나루호도 씨。,,
,저、전 괜찮아요。,,
,마요이 님한테 가서,,
,얘기 잘 전해주세요‥‥。,,
,（‥‥하지만、,,
,보쿠토는 어떻게 되는 거지‥‥）,,
,왠지、진짜 누나가,,
,생긴 것처럼 좋아서‥‥。,,
,,,
,（‥‥그래。난,,
,어째서 변호사가 되었지?）,,
,（고독한 사람들의 편이 되기,,
,위해서였어‥‥）,,
,（그것만이、,,
,나의 꺾이지 않는 신념이잖아）,,
,（여기서、포기하고‥‥,,
,도망칠 수는 없어!）,,
,자! 목숨을 구걸하세요!,,
,나루호도 류이치!,,
,패배를 인정하고 이 수석검사에게,,
,굴복하는 겁니다!,,
,변호죄를 묻는다 해도,,
,상관없습니다‥‥,,
,보쿠토는 제가 변호합니다!,,
,뭐‥‥뭐라구요오오오오오오옷!,,
,나‥‥나루호도 씨!,,
,피고인은 무죄를 주장합니다。,,
,설령《영혼의 신탁》이라고 해도,,
,간단히 인정할 수는 없습니다!,,
,포、포‥‥포루쿤캇!,,
,유죄가 되면、,,
,당신도 사형이에요‥‥。,,
,그래도 저를、,,
,변호하시겠다는 거예요?,,
,과거에 무슨 일이 있었는지는,,
,모르겠지만‥‥,,
,이 나라의 사람들은 변호사를,,
,사기꾼이라고 생각하는 것 같아。,,
,그러니、네가 나를,,
,못 믿어도 별수 없다고 생각해。,,
,하지만‥‥그렇다 해도、,,
,나는 네가 무죄라고 믿고 있어。,,
,!,,
,그러니、끝까지 믿고,,
,진실을 증명한다。그뿐이야。,,
,,,
,유죄가 되면、,,
,당신도 사형이에요‥‥。,,
,그래도 저를、,,
,변호하시겠다는 거예요?,,
,과거에 무슨 일이 있었는지는,,
,모르겠지만‥‥,,
,이 나라의 사람들은 변호사를,,
,사기꾼이라고 생각하는 것 같아。,,
,그러니、네가 나를,,
,못 믿어도 별수 없다고 생각해。,,
,하지만‥‥그렇다 해도、,,
,나는 네가 무죄라고 믿고 있어。,,
,!,,
,그러니、끝까지 믿고,,
,진실을 증명한다。그뿐이야。,,
,,,
,‥‥‥‥‥‥‥‥‥‥‥‥。,,
,후후후。뾰족 머리 변호사여。,,
,재미있구나。,,
,‥‥겉보기만 뾰족한 게,,
,아닌 것 같구나。,,
,레이파 님。,,
,당신의 신탁‥‥,,
,제가 반드시 뒤집겠습니다!,,
,주제를 모르는,,
,불경한 변호사여!,,
,자신의 어리석음을,,
,명계에서 후회하도록 하여라!,,
,이、무슨 어리석은‥‥。,,
,애써、목숨을 건질 기회를,,
,주겠다는데‥‥。,,
,당신의 행동은 반드시,,
,《변호죄》로 심판받을 겁니다。,,
,제 손으로、당신을,,
,사형대로 보내드리도록 하죠!,,
,사형! 사형! 사형! 사형!,,
,사형! 사형! 사형! 사형!,,
,《영혼》이 고하는 것은、진실。,,
,그걸、내가 대변해주고 있다。,,
,거기에 허위가 있다고 말한다면‥‥,,
,증명해 보이거라!,,
,,,
,～영혼의 신탁～,,
,피고인이 뭔가를 위로 들어 올려,,
,피해자의 머리를 내려쳤다!,,
,고통과 함께 시야가 어두워지고,,
,절명했다는 걸 알겠지?,,
,설마、오전 봉납무가 끝난 후,,
,이런 일이 일어날 줄이야。,,
,‥‥이상、죽기 직전 피해자가,,
,체험한 모든 것이다。,,
,（피해자 자신의 기억‥‥,,
,거기에 거짓말이 있을 린 없어）,,
,（어떻게,,
,대응해야 하지?）,,
,무지한 그대를 위해,,
,가르쳐 주도록 하지。,,
,《신탁》의 영상에 있는,,
,《문자》를 눈치챘나?,,
,（분명히、있었어。,,
,의식의 노래라던가 향냄새라고）,,
,피해자의《최후의 기억》은,,
,《시각》만이 아니다。,,
,《오감》의 모든 것이 기억되어、,,
,재생되고 있는 것이다。,,
,피해자가《오감으로 느낀 것》이,,
,문자가 되어 표시되는 거군요。,,
,그렇다。,,
,오감의 모든 걸 보는 것으로‥‥,,
,피해자가 마지막에 체험한 것을,,
,정확히 알 수 있는 것이다。,,
,（이쪽도,,
,정보는 많으면 많을수록 좋아）,,
,（어쨌든、레이파 님의 신탁과,,
,영상의 모순을 찾는 거야!）,,
,레이파 님!,,
,한 번 더、영상을 보여주십시오!,,
,좋다。,,
,（어라?,,
,아까、레이파 님은‥‥）,,
,（“오전 봉납무가 끝난 후”,,
,라고 했었지?）,,
,（그건、,,
,뭔가 이상하지 않나?）,,
,（우선、아래 화면（）에서,,
,이상해 보이는 신탁을 선택하자）,,
,（그래。이상해 보이는 부분은,,
,이 신탁이야）,,
,（그리고‥‥,,
,영상과 잘 비교해보자）,,
,（모순된 감각이 나타나면,,
,신탁결정（）에 터치하자）,,
,（음‥‥이 영상은 레이파 님의,,
,신탁과 모순이 없는 것 같아）,,
,（다른 곳에서,,
,신탁결정（）에 터치하자）,,
,,,
,（그래。이 영상이 레이파 님의,,
,신탁과 모순이 있는 것 같아）,,
,（모순된 감각을 골라,,
,제시하기（）를 해보자!）,,
,（아냐‥‥이건 아냐）,,
,,,
,（이 감각은 레이파 님의,,
,신탁과 모순되지 않아）,,
,（모순된 감각을 찾아,,
,제시하기（）를 하는 거야!）,,
,잠깐 기다려주십시오!,,
,응? 뭐지?,,
,뾰족 머리여。,,
,사건이 일어난 것은,,
,봉납무 이후의 일이지요?,,
,흠。,,
,그게 어쨌다는 거지?,,
,그럼、《의식의 노래》가 들린 건,,
,이상하지 않습니까?,,
,앗!,,
,부、분명히 그렇습니다!,,
,‥‥‥‥‥‥‥‥‥‥,,
,뭐야。그거 말인가。,,
,어‥‥?,,
,그건、,,
,의식의 노래《연습》이다。,,
,연습? 그게 무슨 말씀입니까!,,
,‥‥아우치 검사。,,
,넵!,,
,설명하죠。,,
,사건은 오전과 오후의,,
,봉납무 사이에 발생했습니다。,,
,그 시간、《연무실》에서,,
,가수가 연습을 했다고 합니다。,,
,그렇다! 나도 그 장소에,,
,있었으니 틀림없다。,,
,과연。피해자가 들었던 것은,,
,그 연습 소리였다는 것이군요。,,
,（으으‥‥。모순을 찾았다고,,
,생각했었는데‥‥）,,
,（《연무실》이라면‥‥）,,
,（어제、보쿠토와 함께、,,
,레이파 님의 춤을 봤던 곳인가）,,
,그런데‥‥아우치 수석검사。,,
,하나만 여쭤봐도 되겠습니까?,,
,무엇이든지요。,,
,사원은 넓고、《연무실》과,,
,《보물창고》는 상당히 멉니다。,,
,《보물창고》까지 노래가,,
,들리기엔 어렵지 않을까요?,,
,（아。분명、,,
,그 사원 꽤 넓었었지）,,
,어떻게 된 겁니까!,,
,아우치 검사!,,
,재판장님。잊으셨습니까?,,
,지인사에는‥‥,,
,보물창고를 비롯한 모든 방에,,
,스피커가 설치되어 있습니다。,,
,아! 그랬었죠!,,
,스피커?,,
,뭐 때문에?,,
,그건 물론。《연무실》에서,,
,흐르는 신성한 노래를‥‥,,
,스피커를 통해 사원 전체에,,
,울려 퍼지도록 하기 위함이죠。,,
,그래서 이《의식의 노래》도,,
,《연무실》에서의 연습 상황도‥‥,,
,스피커를 통해,,
,들을 수 있는 거다。,,
,과연‥‥。레이파 님。,,
,감사합니다。,,
,이 늙은이도,,
,이해했습니다。,,
,음。,,
,곤란해할 것 없다。,,
,외람되지만、신탁을 갱신해,,
,주실 수 있겠습니까?,,
,그러지。,,
,（과연‥‥）,,
,（모순을 지적하면、,,
,신탁이 갱신된다는 거구나）,,
,（그렇다면、계속 지적하면,,
,신탁을 무너뜨릴 수 있을 거야）,,
,（아무리 작은 것이라도 좋으니,,
,어쨌든 모순을 찾는 거야!）,,
,,,
,（음。영상이 움직이고 있어서,,
,신탁을 읽기 어려워‥‥）,,
,（일시정지 버튼（）으로,,
,영상을 멈춰 보자）,,
,（좋아! 영상이 멈췄다!）,,
,（영상은 아래 화면을 터치하거나,,
,으로 넘길 수 있나 보네）,,
,（붉게 빛나고 있는 버튼에,,
,영혼을 이동시켜보자）,,
,（영상의 조작방법은,,
,이제 대충 알겠어）,,
,（그럼‥‥이제 신탁과,,
,영상의 모순을 찾자!）,,
,레이파 님의 신탁과 피해자의,,
,기억에는 모순이 있습니다!,,
,호오。,,
,어디에 모순이 있다‥‥는 것이냐?,,
,변호인。,,
,구체적으로 부탁드립니다。,,
,‥‥구체적으로라 하면,,
,곤란한데 말이죠。,,
,왠지 모순이 있을 것 같은 기분이,,
,어렴풋이 들어서 말이죠。,,
,애매하면서도 무례한 발언‥‥。,,
,명을 재촉하게 될 겁니다。,,
,레이파 님。어떻습니까?,,
,‥‥해라。,,
,벌을 주겠습니다!,,
,큭‥‥。,,
,（역시,,
,기세만으론 안 되나）,,
,（완전히 잘못된 방향으로,,
,생각했던 걸지도 몰라）,,
,（《신탁》과《감각》을,,
,검토해보는 게 좋겠어）,,
,（죽은 자의 기억이 틀렸다고는,,
,생각하지 않아‥‥）,,
,（이상한 점이 있다고 한다면,,
,《신탁》이겠지）,,
,（아래 버튼（）으로《신탁》을,,
,바꿔보면서、잘 확인해보자）,,
,（《신탁》과《감각》을 비교해서,,
,모순을 찾는 거야!）,,
,,,
,（이《감각》이 수상한 건,,
,틀림없다고 생각하는데 말이지）,,
,（제시하는《신탁》을,,
,검토해보는 게 좋겠어‥‥）,,
,（아래 버튼（）으로《신탁》을,,
,바꿔보면서‥‥）,,
,（이《감각》과 모순되는,,
,《신탁》을 찾는 거야!）,,
,（이《신탁》이 수상한 건,,
,틀림없다고 생각하는데 말이지）,,
,（지적하는《감각》을,,
,검토해보는 게 좋겠어‥‥）,,
,（죽은 자의 기억을,,
,끝까지 확실하게 확인하자）,,
,（이《신탁》과 모순되는,,
,《감각》을 찾는 거야!）,,
,,,
,거기까지!,,
,본 법정은 이 이상 심리의,,
,필요성을 인정하지 않습니다。,,
,변호인의 반증은 검찰 측 주장을,,
,뒤집을 힘이 없습니다。,,
,변호인은 쿠라인 법률에 의거、,,
,《변호죄》가 적용됩니다。,,
,그러면‥‥,,
,피고인、보쿠토 츠아니 및,,
,변호인、나루호도 류이치에게‥‥,,
,판결을 선고합니다。,,
,（큭‥‥。,,
,모순을 찾을 수 없어）,,
,（하지만、아까부터,,
,뭔가 위화감이 있는 것 같아）,,
,（왠지《아프다》라는 감각이,,
,이상한 것 같은‥‥）,,
,（게다가、역시 가장 중요한 건,,
,피해자가 맞은 순간이겠지）,,
,（거기에 주목해서、,,
,《신탁》을 검토해볼까）,,
,,,
,맞은 순간 시야가 어둡게‥‥,,
,틀림없습니까?,,
,틀리고 뭐고、,,
,보이는 그대로지 않느냐。,,
,외람되지만‥‥。,,
,아닙니다。,,
,뭐?,,
,레이파 님。잘 보십시오。,,
,피해자가 고통을 느끼는 타이밍을。,,
,으음‥‥?,,
,‥‥‥‥앗!,,
,시야가 어두워지고 나서,,
,늦게《고통》이 오고 있습니다。,,
,"그, 그럴 리가!",,
,순서가 정반대이지 않습니까!,,
,꺄아아아악!,,
,포루쿤캇! 레이파 님!,,
,이건 어떻게 된 겁니까?,,
,그、그럴 리가 없어!,,
,신탁이 잘못되었을 리가‥‥!,,
,그렇다면 큰일입니다!,,
,레이파 님이 말씀하셨다 해도‥‥,,
,이 모순‥‥,,
,그냥 넘어갈 수는 없습니다!,,
,크크크크‥‥。저런。,,
,진정하십시오。재판장님。,,
,아、아우치 수석검사‥‥!,,
,‥‥정말 실례했습니다。,,
,아무래도、저희도,,
,착각한 모양입니다。,,
,착각?,,
,사실 사건 당일 사원의 일부가,,
,《정전》이 됐었습니다。,,
,그러고 보니、사건 현장도,,
,그 구역 안에 있었습니다。,,
,시야가 어두워진 것은,,
,정전에 의한 것이겠죠。,,
,이런 이런。수석검사라는 사람이,,
,완전히 잊고 있었습니다。,,
,（저 검사。처음부터,,
,알면서도 가만히 있었군!）,,
,이때、조명 빛도 스피커의,,
,소리도 멈춰버린 겁니다。,,
,그렇군‥‥정전이 있었던 것인가。,,
,흠‥‥。,,
,그렇다면、간단한 일이구나。,,
,무、무슨 말씀입니까?,,
,레이파 님。,,
,부디、말씀해주십시오。,,
,피고인과 피해자가 대치했을 때,,
,정전이 있었다。,,
,어둠을 틈타、피해자를,,
,놓치겠다고 생각한 피고인은‥‥,,
,재빨리 흉기를 휘둘렀다。,,
,그랬던 것이겠지。,,
,과연!,,
,역시、레이파 님。,,
,그거라면、전기가 끊어진 이후,,
,맞았다고 해석할 수 있겠지요。,,
,훌륭한 추리입니다!,,
,여러분、박수를!,,
,레이파 님! 레이파 님!,,
,（‥‥뭐야。,,
,이 분위기는‥‥）,,
,‥‥박수를 멈춰라。,,
,소란스럽다。,,
,‥‥‥‥‥‥‥‥,,
,그럼、레이파 님‥‥。,,
,음。,,
,신탁을 정정하겠다。,,
,（제길。모순이,,
,사라져버렸다‥‥）,,
,（하지만‥‥그 덕분에 새로운,,
,정보를 끌어내는 데 성공했어）,,
,（그걸로 새로운 모순이,,
,생겨났을지도 몰라）,,
,（신탁과 감각을 잘 비교해서,,
,모순을 찾는 거야!）,,
,레이파 님의 신탁과 피해자의,,
,기억에는 모순이 있습니다!,,
,호오。,,
,어디에 모순이 있다‥‥는 것이냐?,,
,변호인。,,
,구체적으로 부탁드립니다。,,
,‥‥구체적으로라 하면,,
,곤란한데 말이죠。,,
,왠지 모순이 있을 것 같은 기분이,,
,어렴풋이 들어서 말이죠。,,
,애매하면서도 무례한 발언‥‥。,,
,명을 재촉하게 될 겁니다。,,
,레이파 님。어떻습니까?,,
,‥‥해라。,,
,벌을 주겠습니다!,,
,큭‥‥。,,
,（역시,,
,기세만으론 안 되나）,,
,（완전히 잘못된 방향으로,,
,생각했던 걸지도 몰라）,,
,（《신탁》과《감각》을,,
,검토해보는 게 좋겠어）,,
,（죽은 자의 기억이 틀렸다고는,,
,생각하지 않아‥‥）,,
,（이상한 점이 있다고 한다면,,
,《신탁》이겠지）,,
,（아래 버튼（）으로《신탁》을,,
,바꿔보면서、잘 확인해보자）,,
,（《신탁》과《감각》을 비교해서,,
,모순을 찾는 거야!）,,
,,,
,（이《감각》이 수상한 건,,
,틀림없다고 생각하는데 말이지）,,
,（제시하는《신탁》을,,
,검토해보는 게 좋겠어‥‥）,,
,（아래 버튼（）으로《신탁》을,,
,바꿔보면서‥‥）,,
,（이《감각》과 모순되는,,
,《신탁》을 찾는 거야!）,,
,,,
,（이《신탁》이 수상한 건,,
,틀림없다고 생각하는데 말이지）,,
,（지적하는《감각》을,,
,검토해보는 게 좋겠어‥‥）,,
,（죽은 자의 기억을,,
,끝까지 확실하게 확인하자）,,
,（이《신탁》과 모순되는,,
,《감각》을 찾는 거야!）,,
,,,
,거기까지!,,
,본 법정은 이 이상 심리의,,
,필요성을 인정하지 않습니다。,,
,변호인의 반증은 검찰 측 주장을,,
,뒤집을 힘이 없습니다。,,
,변호인은 쿠라인 법률에 의거、,,
,《변호죄》가 적용됩니다。,,
,그러면‥‥,,
,피고인、보쿠토 츠아니 및,,
,변호인、나루호도 류이치에게‥‥,,
,판결을 선고합니다。,,
,（아까 지적으로,,
,갑자기 나온《정전》이야기‥‥）,,
,（혹시、거기에,,
,돌파구가 있지 않을까?）,,
,（전기와 관련된 것‥‥,,
,《신탁》안에 없었던 걸까?）,,
,,,
,（드디어 찾았다‥‥,,
,결정적인 모순을‥‥!）,,
,레이파 님。아무래도 영매의 힘도,,
,만능은 아닌 것 같습니다。,,
,무어라?,,
,‥‥입만 나불대는 녀석이구나。,,
,그건、쿠라인교도 전체를,,
,모욕하는 발언이라 봐도 되겠지?,,
,변호인! 말을 삼가시오!,,
,아니면、,,
,그 발칙한 혀를 뽑아버리겠습니다!,,
,영매 그 자체를,,
,모욕할 셈은 아닙니다。,,
,그러나‥‥입을 닫아야 하는 것은,,
,당신 쪽일지도 모르겠군요。,,
,호오。,,
,조금 전、당신은,,
,이렇게 말했지요。,,
,의식의 노래는 스피커를 통해,,
,들려온 거다‥‥라고。,,
,하지만 봐주십시오!,,
,정전된 다음에도,,
,의식의 노래가 들리고 있습니다!,,
,앗!,,
,즉‥‥,,
,이 의식의 노래는 스피커에서,,
,들려오고 있던 것이 아닙니다!,,
,윽! 그、그럴 리가!,,
,어、어떻게 된 일인가요?,,
,설마 이것은 연무실에서 직접,,
,들려오는 소리였다는 겁니까?,,
,네。,,
,그렇다고 생각할 수 있지요。,,
,하지만! 현장의 보물창고와,,
,연무실은 멀리 떨어져 있습니다!,,
,네。말이 안 되겠죠。사건 현장이,,
,보물창고였다면‥‥말이죠。,,
,그、그렇다면‥‥,,
,진짜 범행현장은,,
,보물창고가 아니었다‥‥,,
,좀 더 연무실에 가까운,,
,다른 장소였다고 생각됩니다!,,
,뭐라고요오오오오오오!,,
,그런‥‥,,
,말도 안 돼애애애애애!,,
,레이파 님과 검찰의 주장에는,,
,결정적인 모순이 있습니다。,,
,변호 측은 사건의 전면적인,,
,재검토의 필요성을 주장합니다!,,
,‥‥으。,,
,그、그런‥‥‥‥。,,
,어、어찌 된 일일까요。,,
,설마‥‥신탁에‥‥,,
,결정적인 모순이‥‥!,,
,재、재판장!,,
,속아서는 안 된다!,,
,더러운 영혼을 가진 변호사다!,,
,무슨 함정인 게 당연하다!,,
,하、하지만‥‥신탁에 모순이,,
,있었던 것은 사실‥‥。,,
,그것을 간과할 수는‥‥,,
,으우우우우우우우우우우우!,,
,벼、변호 측의 주장에,,
,의미 따위 없습니다!,,
,사건 현장이 변했다고 해도‥‥,,
,피해자의 살해 순간을,,
,비추고 있는 건 변함없습니다!,,
,그、그래! 피해자의 눈앞에,,
,있는 것은 피고인이지 않은가!,,
,게다가 흉기를 치켜들고 있어!,,
,《신탁》의 의미는 변함없다!,,
,（확실히 맞는 말이야）,,
,（이 영상이 있는 이상、,,
,피고인은 절체절명 그대로‥‥）,,
,크크크。변호인이 설명할 수,,
,있다면 이야기는 다르지만요。,,
,피고인이 양손을 든 이유를。,,
,뭐。불가능하겠지만요。,,
,물론、설명할 수 있습니다。,,
,（아마도 말이지‥‥）,,
,뭐라고요!,,
,‥‥잘 말했다。,,
,신탁을 거스르겠다는 말이다。,,
,상응하는 각오가 있는,,
,발언이겠지?,,
,헛소리를 할 거라면 지금 당장,,
,혀를 뽑혀도 불평은 못 하겠지。,,
,물론입니다。,,
,（지금부터 생각할 거지만）,,
,‥‥‥‥‥‥‥‥‥‥‥‥‥‥,,
,변호인‥‥。당신의 그 각오、,,
,잘 알았습니다。,,
,저도 이 법정을 맡은 자로서,,
,진지하게 받아들이겠습니다。,,
,당신이 자신의 주장에,,
,목숨을 걸겠다면‥‥말이죠。,,
,그렇다면。재판장!,,
,혀 뽑기용 가위를 가져와라!,,
,응?,,
,담당관에게,,
,바로 준비하라고 하죠。,,
,지하실에 마침 딱 맞는,,
,좋은 물건이 있습니다。,,
,（거、거짓말이지‥‥）,,
,크크크。허풍쟁이 변호사에게는,,
,혀가 여러 개 있는 거겠죠。,,
,1개 정도는 뽑아도,,
,별일 없을 겁니다。,,
,（망했다‥‥!,,
,이 사람들、진심이야!）,,
,（혀를 뽑힐 수는 없어!,,
,생각하자‥‥! 생각하는 거야!）,,
,,,
,（양손을 들어 올린 이유‥‥。흉기,,
,를 든 것 외에 뭔가 없나?）,,
,（그래‥‥!,,
,그랬던 거였나!）,,
,피고인이 양손을 들어 올린,,
,이유‥‥,,
,그걸 설명할 수 있는 것이,,
,현장 사진 속에 찍혀 있습니다!,,
,（피고인이 양손을 들고 있는,,
,이유를 설명할 수 있는 것은?）,,
,,,
,그것은、이겁니다!,,
,네?,,
,어떤 거 말인가요?,,
,이겁니다! 이 부분이에요!,,
,‥‥‥‥무슨 말을 하고 있는지,,
,모르겠군요。,,
,（이런!,,
,너무 적당히 지적했나）,,
,재판장님。의미 불명의 발언에는,,
,처벌이 필요하지 않을지。,,
,변호사에게 벌을 주는 것도,,
,오랜만이니 말이죠。,,
,하나하나의 벌이、,,
,신선하고 그립게 느껴지는군요!,,
,부디、,,
,그리운 일격을 부탁드립니다。,,
,분명히‥‥,,
,이런 느낌이었을까요!,,
,으갸아아아아아아아아아아아아!,,
,（‥‥역사의 무게가 느껴진다!）,,
,（으으‥‥,,
,다시 생각해보자!）,,
,,,
,거기까지!,,
,본 법정은 이 이상 심리의,,
,필요성을 인정하지 않습니다。,,
,변호인의 반증은 검찰 측 주장을,,
,뒤집을 힘이 없습니다。,,
,변호인은 쿠라인 법률에 의거,,
,《변호죄》가 적용됩니다。,,
,그러면‥‥,,
,피고인、보쿠토 츠아니 및,,
,변호인、나루호도 류이치에게‥‥,,
,판결을 선고합니다。,,
,,,
,바로 어제 일입니다。,,
,전《신탁》의 내용과 똑같이,,
,양손을 올린 피고인을 봤습니다。,,
,뭐라고요?,,
,대체 그걸 어디서‥‥?,,
,피고인이 체포되는 순간입니다。,,
,경찰관이 권총을 들이밀었을 때요。,,
,앗! 설마!,,
,피해자는 경비원이었습니다。,,
,권총도 소지하고 있지요。,,
,피고인은 권총에 겨눠지고,,
,있었던 것 아닐까요?,,
,그래서、피고인은,,
,양손을 들고 있었던 겁니다!,,
,포、포、포‥‥,,
,포루쿤카아아아아아아아앗!,,
,‥‥설마‥‥,,
,신탁에 그런 다른 해석이‥‥!,,
,있을 수 없어!,,
,이런 일‥‥있어선 안 돼!,,
,（어떻게든,,
,한 방 먹인 것 같군）,,
,뭐야、저 변호사!,,
,《신탁》을 깨다니。,,
,마치《반역의 용》,,
,두르크 같잖아!,,
,（《반역의 용》두르크?,,
,누굴 말하는 거지?）,,
,이、이럴 수가‥‥설마‥‥,,
,나의《신탁》에‥‥,,
,모순이 있었다니。,,
,이건 뭔가 잘못‥‥됐어,,
,‥‥인정할 수‥‥없다‥‥,,
,그、그그그그그렇습니다!,,
,인정할 수 없습니다!,,
,지금、당장 저 남자를,,
,불경죄로 체포해야 합니다!,,
,네?!,,
,그래! 그래!,,
,잡아라!,,
,무녀공주님이 당한,,
,수많은 무례를 갚아주자!,,
,（으으‥‥엄청나게 강렬한,,
,악의구나!）,,
,그래! 변호사는,,
,없어져야 한다!,,
,없어져라! 없어져라!,,
,정숙!,,
,정수우우우우욱!,,
,‥‥진정하십시오。,,
,（재‥‥재판장님?）,,
,재판장님。이 변호사에게,,
,정당한 심판을 부탁드립니다。,,
,‥‥‥‥‥‥‥‥‥‥,,
,이 변호사에게 불경죄를,,
,적용하는 건 불가능합니다。,,
,뭐‥‥라고?,,
,그、그런!,,
,어째서입니까!,,
,이 자는 정당한 절차로,,
,심리를 한 것에 지나지 않습니다。,,
,그것에,,
,위법성은 없었습니다。,,
,하、하지만 재판장님도 판결이,,
,길어지는 것은 싫지 않습니까?,,
,어서 판결을 내리고,,
,부인께 사과하러‥‥。,,
,심리를 중지할 수는 없습니다。,,
,‥‥새로운 사실이 나왔으니까요。,,
,뭐라구요오오오오오오옷!,,
,재판장!,,
,설마、네놈까지‥‥,,
,내 신탁에 모순이,,
,있다는 걸 인정한다는 것이냐!,,
,‥‥정말 놀라운 일입니다。,,
,《변호죄》가 제정되고 약 20년。,,
,이런 일은 처음이니까요。,,
,솔직히 말해서‥‥,,
,저도 믿고 싶지 않습니다‥‥。,,
,허나、변호인의 목숨을 건 증명으로,,
,모순이 밝혀지고 말았습니다。,,
,우리들은、그 사실을 진지하게,,
,마주 보아야 할 것입니다。,,
,쿠라인 무녀인 내게,,
,거역하겠다는 것이냐。불신자로군!,,
,아니요。,,
,제 신앙심은 확고부동합니다。,,
,허나、저는 이 재판에 올바른,,
,판결을 내릴 책임이 있습니다。,,
,그걸 위한 심리를 이 이상,,
,방해하겠다고 하신다면‥‥,,
,무녀공주님이라 하더라도,,
,퇴정시킬 수밖에 없습니다。,,
,뭐라고!,,
,하지만! 나는‥‥!,,
,무녀공주님!,,
,!,,
,부디、일단 받아들이십시오。,,
,으으‥‥크으으으으으으윽!,,
,（엄청난 눈초리로,,
,노려보고 있네‥‥）,,
,두고 보자!,,
,이 불경한 뾰족 머리!,,
,나는 지지 않았다!,,
,지지 않았으니!,,
,담당관‥‥무녀공주님을,,
,데려가도록。,,
,그、그대의 혼은,,
,지옥에서 벌을 받을 것이다!,,
,도깨비가 그 뾰족 머리를 잡아당겨,,
,뽑아버릴 것이야!,,
,하하핫! 이 세상의 것이라,,
,생각 못 할 고통에 몸부림치거라!,,
,그리고、그리고‥‥,,
,피 웅덩이 지옥에서 그‥‥,,
,（어째、마지막은 어린애 같은,,
,막말이였구만‥‥）,,
,그럼。변호인。,,
,그러니까、나루호도 씨였나요。,,
,나루호도 류이치입니다。,,
,나루호도 변호사。,,
,수많은 무례를 사죄합니다。,,
,당신이 이끌어 낸 진실을 바탕으로,,
,논의를 진행해갑니다。,,
,감사합니다。,,
,하지만‥‥,,
,착각하지 말았으면 합니다。,,
,제가 당신을 완전히,,
,믿겠다는 이야기는 아닙니다。,,
,거짓말을 하는지 안 하는지、,,
,지켜보고 있을 것이니까요。,,
,‥‥알겠습니다。,,
,（후우。이제서야 제대로 된,,
,재판을 할 수 있을 것 같군）,,
,크크크크‥‥논의입니까?,,
,좋습니다。받아들이도록 하죠。,,
,（응? 뭐지?）,,
,크크크‥‥큭큭큭큭。,,
,그 득의양양한 얼굴‥‥。,,
,이리 바보 같을 수 있을까요。,,
,우스워서 어쩔 수 없군요。,,
,우스워‥‥?,,
,변호인은 모르는 모양이군요。,,
,자신이 찾은 진실이,,
,자신의 목을 조이고 있다는 것을。,,
,무슨 말입니까!,,
,아우치 검사!,,
,수석검사라고 했습니다!,,
,（그게 그리도 중요한가）,,
,무덤을 파셨군요。,,
,재판장님、잘 생각해보십시오。,,
,어째서、경비원인 피해자가,,
,피고인에게 총을 들이대었는지。,,
,아。서、설마!,,
,그 이유는‥‥“피고인이,,
,절도행위를 하였기 때문”,,
,그 외에는,,
,생각할 수 없지 않습니까!,,
,갸아아아아아아아아아!,,
,（저、정말 그렇다‥‥）,,
,피고인의 입장은,,
,아무것도 변하지 않습니다!,,
,오히려、혐의만,,
,더 커지지 않았습니까?,,
,그、그렇군요!,,
,변호인이 눈치채지 못한 진실、,,
,제가 설명해 드리도록 하죠。,,
,피고인은 비보를 훔쳐,,
,도망가다、경비원에게 들켰습니다。,,
,권총으로 위협받은,,
,피고인은‥‥,,
,정전된 순간에 피해자를 살해、,,
,시체를 보물창고에 숨겼습니다。,,
,큭!,,
,보물창고에는 비보를 운반하기,,
,위한 수레가 놓여있었습니다。,,
,그것을 이용하여 시체를,,
,간단하게 운반한 겁니다。,,
,（으으。모처럼,,
,《신탁》을 부쉈는데‥‥）,,
,（정신을 차려보니,,
,다시 몰리고 있어）,,
,나루호도 변호사。,,
,뭔가 반론이 있습니까?,,
,‥‥‥‥‥‥‥‥‥‥‥‥‥‥‥‥,,
,（으으‥‥,,
,안 돼。아무것도 생각이 안 나）,,
,크크크。슬슬 처형대에,,
,설 각오가 되었습니까?,,
,어‥‥그게‥‥그‥‥,,
,어떻습니까! 변호인!,,
,（‥‥‥‥틀렸어。,,
,반박할 근거가 전혀 없어）,,
,（이제、정말 무슨 일이 있었는지,,
,본인에게 물어볼 수밖에‥‥）,,
,（하지만‥‥보쿠토가,,
,협력해줄지는‥‥）,,
,보쿠토!,,
,!,,
,진실이 뭔지,,
,가르쳐 주면 안 될까?,,
,‥‥‥‥‥‥‥‥‥‥‥‥,,
,피고인。,,
,아무것도 말할 필요 없습니다。,,
,변호사의 감언이설을 들으면,,
,당신의 영혼도 더럽혀집니다。,,
,진실을 말해줘!,,
,그렇지 않으면、,,
,너를 구할 수 없어!,,
,으으‥‥‥‥。,,
,으으으‥‥나루호도 씨。,,
,죄송합니다。,,
,（트、틀렸나‥‥!）,,
,（큭。이걸로,,
,내 목숨도 끝나는 건가‥‥?）,,
,（미안‥‥마요이‥‥）,,
,저는《변호사》라는,,
,사람을 처음 만났어요‥‥。,,
,계속 변호사는 범죄자의 편인,,
,악당이라고 생각했었어요。,,
,그런데‥‥정말 저를,,
,믿고 도와주시다니。,,
,목숨이 위험할지도 모르는데‥‥,,
,생각하지도 못했습니다。,,
,보、보쿠토‥‥!,,
,그래서、자신을 지키기 위해,,
,거짓말을 해버렸습니다。,,
,하지만‥‥,,
,더는 거짓말 안 할 거예요。,,
,목숨을 걸고 저를 믿어주시는,,
,당신을‥‥저도 믿을게요!,,
,뭐、뭐라고오!,,
,저에게‥‥,,
,설명하게 해주세요오오오오!,,
,（좋아! 드디어、진짜 증언을,,
,들을 수 있겠어!）,,
,실은 저、지금까지 몇 번이나,,
,비보의 함을 보러 갔었습니다。,,
,보물창고엔 가까이 가면 안 된다고,,
,사원에서 배웠는데도 말입니까!,,
,죄송합니다‥‥。,,
,경비원 미마 씨에게 들켜서,,
,주의받은 적도 있었습니다。,,
,어둠을 밝히는 함이 아름다워서。,,
,어떻게라도 보고 싶었습니다。,,
,어둠을‥‥밝히는?,,
,네。비보의 함에는 야명석이라는,,
,돌이 붙어있어 밤에 빛이 납니다。,,
,그 모습이,,
,아주 환상적이고 아름답거든요。,,
,일반 공개해서 관광명소로,,
,만들지 않은 게 아깝다고요!,,
,사원의 나이트투어를 기획하면,,
,더 많은 손님이 올 거예요!,,
,（이 아이、관광 안내와 관련되면,,
,성격이 바뀌는구나‥‥）,,
,증거품《비보의 함》의,,
,데이터를 갱신했다。,,
,,,
,사건 당일에도,,
,보물창고에 가려고 했는데‥‥,,
,복도에 있는《대계단》에서,,
,미마 씨와 딱 마주쳤어요。,,
,그럼、《신탁》에 나타난 것은,,
,보물창고의 계단이 아닌‥‥,,
,네。그건、,,
,복도에 있는《대계단》입니다。,,
,（계단 위까지는 시야가,,
,흐릿해서 보이지 않았으니‥‥）,,
,증거품《사원의 도면》의,,
,데이터를 법정기록에 추가했다。,,
,미마 씨가 갑자기 권총을 꺼내,,
,위협했어요‥‥,,
,저는、,,
,재빨리 양손을 들어 올렸구요。,,
,무서웠어요‥‥。,,
,그때 미마 씨는‥‥,,
,왜인지 입 주변을 스카프로 가리고,,
,있어서 표정을 볼 수 없었어요。,,
,그러자 정전이 일어났습니다。,,
,저는 그 틈을 타서,,
,서둘러 도망쳤어요。,,
,정신이 없어서 그때의,,
,일을 떠올리려고 해도‥‥,,
,권총과 미마 씨의 무서운,,
,눈밖에 떠오르지 않아요‥‥。,,
,아。《연락서》는 그때,,
,떨어뜨렸다고 생각합니다。,,
,（그걸 누군가 보물창고까지,,
,날랐다는 게 되겠지‥‥）,,
,복도에서 만났을 때、미마 씨는,,
,아무 말도 하지 않았니?,,
,으으‥‥。,,
,（‥‥왜 저러지?）,,
,왜인지‥‥,,
,모르겠어요。,,
,하지만、그때 미마 씨가,,
,저를 향해 말했어요。,,
,「네가 훔친 거냐?」,,
,‥‥라고。,,
,,,
,「네가 훔친 거냐?」,,
,‥‥라고。,,
,뭣!,,
,죄송합니다‥‥。,,
,의심받을 거라 생각해서,,
,지금까지 말할 수 없었어요。,,
,크크크크‥‥,,
,이거 걸작이군요。,,
,무심코 말해버렸군요。,,
,역시、네놈이 도둑이었어!,,
,으윽。,,
,피해자가 착각했을 뿐,,
,일지도 모릅니다!,,
,아무것도 하지 않은 사람이,,
,오해받을 것이라 생각합니까?,,
,어지간히 수상한 행동을 하고,,
,있었다고 생각하는 게 마땅하겠죠。,,
,（제길! 왜 불리한,,
,사실만 나오는 거야‥‥?）,,
,으으으으。미타마루‥‥,,
,어쩌지‥‥미타마루,,
,수상한 행동이란 다름 아닌,,
,“비보의 함을 들고 있었다”겠죠。,,
,,,
,보물창고를 둘러본 미마 씨는,,
,비보의 도난 사실을 깨달았겠죠。,,
,그리고、그 직후에‥‥,,
,피고인인 보쿠토 츠아니와,,
,우연히 만난 것이겠죠。,,
,으으으으으‥‥,,
,아、아닙니다‥‥。,,
,역시、비보를 훔치고,,
,피해자를 살해한 범인은‥‥,,
,피고인 외에는 없습니다!,,
,우우우‥‥,,
,우와아아아아아아아!,,
,（뭐、뭔가 튀어나왔어‥‥）,,
,그릉!,,
,멍멍! 멍멍!,,
,이、이놈! 미타마루!,,
,그러면 안 돼!,,
,무、뭡니까!,,
,죄、죄송합니다。,,
,제가 기르는 개、미타마루입니다。,,
,멍멍! 멍멍!,,
,놀라게 하지 말아주십시오。,,
,심장이 멈출 뻔했습니다。,,
,（가방이 움직이고 있던 건,,
,이것 때문이었나‥‥）,,
,멍멍! 멍멍!,,
,멍멍! 멍멍!,,
,대체 뭡니까!,,
,요란스러운 개군요!,,
,미타마루는 미마 씨가 착각,,
,했었다고 말하고 있습니다!,,
,（알아들을 수 있는 거냐!）,,
,크크크크크크!,,
,혹시 그것이 변호 측의,,
,새로운 증인인 건가요?,,
,뭐、뭐라고요!,,
,설마 동물을 심문한다고,,
,말하지는 않겠죠?,,
,아니 아니 아니! 아닙니다!,,
,（동물을 심문한 적은 있지만）,,
,후우‥‥。,,
,그렇다면 괜찮습니다。,,
,다시 당신이 제대로 된 인간으로,,
,보이기 시작했습니다‥‥。,,
,（큭。위험해）,,
,（어떻게든 보쿠토 외의 용의자,,
,의 가능성을 제시하지 않으면）,,
,화、확실히 피해자가 죽는 순간,,
,앞에는 피고인이 있었습니다。,,
,하지만、피고인 외의 용의자에게,,
,맞았을 가능성도 있을 겁니다!,,
,그렇게까지 말한다면야‥‥,,
,변호인은 어디에서 맞았을 가능성이,,
,있는지 제시할 수 있을까요?,,
,그렇습니다! 눈앞에 있던 피고인,,
,밖에 못 한다고 생각됩니다만。,,
,제시할 수 없다면,,
,탁상공론에 지나지 않겠지요。,,
,（윽‥‥。생각하자!,,
,어떻게든 제시하는 거야‥‥）,,
,,,
,（피해자는 어디에서 맞았을,,
,가능성이 있지‥‥?）,,
,,,
,그건 물론,,
,이 장소에서입니다。,,
,그런 곳에서 피해자를 때린다?,,
,흉기인 비보의 함으로?,,
,음。,,
,（이런‥‥흉기가 안 닿는군）,,
,입을 열면 거짓말과 적당한,,
,발언뿐。역시 변호사란 거군요。,,
,재판장님。,,
,역시나 처벌을 부탁드립니다。,,
,벌을 받으세요!,,
,（으그그극‥‥。,,
,어떻게든 제시하는 거야‥‥）,,
,（흉기는 비보의 함。그렇게,,
,먼 곳에서는 때릴 수는 없어）,,
,,,
,거기까지!,,
,본 법정은 이 이상 심리의,,
,필요성을 인정하지 않습니다。,,
,변호인의 반증은 검찰 측 주장을,,
,뒤집을 힘이 없습니다。,,
,변호인은 쿠라인 법률에 의거、,,
,《변호죄》가 적용됩니다。,,
,그러면‥‥,,
,피고인、보쿠토 츠아니 및,,
,변호인、나루호도 류이치에게‥‥,,
,판결을 선고합니다。,,
,,,
,피해자의 눈앞에 있던 건,,
,피고인입니다만‥‥,,
,피해자는 뒤에서 맞았다고도,,
,생각할 수 있지 않습니까?,,
,뒤에서‥‥입니까。,,
,흠。과연。,,
,확실히、다른 누군가가 있다면,,
,있을 수 없는 일은 아니지만‥‥。,,
,（좋아。,,
,어떻게든 가능성을 제시했어）,,
,하지만、그런 곳에,,
,도대체 누가 있었다는 거죠?,,
,그、그건、물론‥‥,,
,진범입니다! 절도와 살인의。,,
,진범? 무슨 말씀입니까?,,
,설명해주십시오。,,
,（으으‥‥。,,
,어떻게든 설명해야 하는데‥‥）,,
,（피해자 뒤에 진범이 있었다고,,
,가정하면‥‥）,,
,,,
,진범은 보물창고에 와서,,
,비보를 훔치고 달아나려 했으나、,,
,그때 미마 씨가,,
,보물창고를 둘러보러 와서‥‥,,
,진범은 재빨리 반대쪽 창고에,,
,숨은 것이 아닐까요?,,
,크큭。,,
,꼴사나운 발악이군요。,,
,어떤 근거도 없는,,
,추측이지 않습니까。,,
,그、근거는、,,
,이제부터 찾을 겁니다‥‥。,,
,보쿠토!,,
,피해자와 우연히 만났을 때、,,
,창고 쪽에 누군가 없었니?,,
,‥‥모르겠어요。,,
,그런데、제가 있던 곳에서,,
,보이지 않았던 걸지도‥‥。,,
,저는 계단에 있었기에 1층,,
,복도 안까진 안보였어요。,,
,그렇구나‥‥。,,
,（음。안 되겠어‥‥）,,
,멍멍! 멍멍멍!,,
,저기‥‥미타마루가,,
,누군가 있었다고 말하는데요。,,
,고、고마워。,,
,（하지만、증거론 힘들겠지）,,
,크큭。,,
,（웃고 있어‥‥）,,
,피、피고인의 시야에는,,
,들어오지 않은 듯합니다만‥‥,,
,진범이 복도에 있었을 가능성이,,
,없다는 것은 아니니까요!,,
,몇 번이나 말합니다만‥‥。,,
,꼴사납고‥‥꼴사납습니다!,,
,뭐。그 꼴이,,
,제가 보기에는 즐겁지만요。,,
,무슨 뜻입니까?,,
,안타깝지만、사건이 일어났을 때,,
,보물창고의 복도에 있던 건‥‥,,
,틀림없이 피고인과,,
,피해자뿐이었습니다。,,
,어째서 그렇게,,
,단언할 수 있는 겁니까!,,
,증인이 있습니다。,,
,‥‥확실한 목격 증인이 말이죠。,,
,뭐、뭐라고!,,
,재판장님。검찰 측은 그분의,,
,이야기를 여쭈어보려고 합니다。,,
,목격 증인의 소환입니까‥‥,,
,그것도 몇십 년간 없던 일이군요。,,
,변호 측의 증인과 달리,,
,동물은 아니기에 안심을。,,
,（누굴 바보로 보나‥‥）,,
,그릉! 멍멍!,,
,알겠습니다。오랜만에,,
,이 말을 하도록 하죠。,,
,증인을 입정시켜주십시오!,,
,,,
,증인。,,
,이름과 직업을。,,
,포트디노라고 합니다。,,
,지인사의 주지입니다。,,
,오오。이분은、포트디노 선생님。,,
,목격자는 당신이었군요。,,
,（‥‥선생님?）,,
,증인은 지인사의,,
,주지이자‥‥,,
,다마란 연주가로서도,,
,유명하니까요。,,
,저기‥‥다마란이 뭡니까?,,
,저와 함께하는,,
,파트너라고나 할까요。,,
,당신도 저희의,,
,연주를 들어봤을 겁니다。,,
,노한 용과 범이 다투어도,,
,그건 봉납무의‥‥。,,
,그렇습니다。,,
,의식의 노래를 연주하는 것이‥‥,,
,저와 제 파트너의,,
,중요한 역할입니다。,,
,（살해 당시,,
,들리던 의식의 노래인가‥‥）,,
,오오! 시조님이시여!,,
,다마란의 음색이 기도가 되어,,
,당신에게 닿기를!,,
,흐음! 변함없이,,
,멋진 연주입니다。,,
,악기로 소통하는 것이,,
,제 일이니까요‥‥。,,
,그런데、재판장님。,,
,오늘 다마란 수업은,,
,쉬셔도 괜찮으십니까?,,
,재판이 길어지는 바람에 말입니다。,,
,‥‥거기 변호사 덕분에。,,
,（재판장이 배운다는 게、,,
,다마란이었나‥‥）,,
,역시、,,
,더러운 변호사 때문이었습니까。,,
,허나、이것도 배덕자를,,
,심판하기 위한 것。어쩔 수 없죠。,,
,부디 협력을 부탁드립니다。,,
,포트디노 님도‥‥,,
,지켜야 할 비보가 도난당해,,
,아주 놀라셨을 겁니다。,,
,네에‥‥정말이지‥‥,,
,비보를 지키는 것이 당신의,,
,직무 중 하나였습니까?,,
,비보의 함의 유일한 열쇠는‥‥,,
,늘 몸에서 떨어뜨리지 않고,,
,지키고 있습니다。,,
,그런데、설마 열쇠도,,
,없이 열어버릴 줄이야‥‥。,,
,그게、,,
,비보의 함의 열쇠‥‥。,,
,《곡옥 열쇠》라고,,
,불리는 유서 깊은 물건입니다。,,
,지인사의 지주가,,
,대대로 물려받게 되어있죠。,,
,（곡옥 열쇠인가‥‥）,,
,증거품《곡옥 열쇠》의,,
,데이터를 법정기록에 추가했다。,,
,제 대에서,,
,비보를 잃어버리다니‥‥,,
,이대로라면,,
,시조님을 뵐 면목이 없습니다。,,
,오오! 시조님이시여!,,
,부디 용서해주시옵소서!,,
,길을 잃은 저를,,
,인도해주시옵소서!,,
,（어째 이 사람、하는 짓이,,
,너무 오버스러운데‥‥）,,
,당신은 피고인과 피해자가,,
,보물창고로 가는 모습을 본 거죠?,,
,네。봤고 말고요。용서받지,,
,못할 배덕자의 모습을‥‥。,,
,그럼、그때의 일을,,
,증언해주시겠습니까?,,
,알겠습니다。,,
,‥‥배덕자에게 합당한 심판을。,,
,시조님께 맹세코、,,
,진실을 불러봅시다!,,
,,,
,～목격한 것～,,
,오전 봉납무의 의식이 끝난 후～,,
,나는 내 방으로 돌아간 거야～,,
,내～방～이라고 하면～,,
,보물창고로 가는 길에 있지～,,
,언제든지～　들리는 거야～,,
,보물창고에 가는 자들의 발소리가～,,
,보쿠토뿐이야～,,
,보쿠토뿐이야～,,
,정전 전에 미마를 제외하고～,,
,보물창고에 간 사람은～,,
,（법정은 콘서트홀이,,
,아닌데‥‥）,,
,설마、그 이후 미마가,,
,살해당할 줄은‥‥。,,
,심중을 이해합니다。,,
,피해자의 시체를 발견한 것은,,
,당신이었죠。,,
,저기。시체를 제일 먼저,,
,발견하셨습니까?,,
,（엄청 중요한 증인이었잖아）,,
,그렇습니다。,,
,저는 정전이 일어난 후、,,
,차단기를 올리러 갔습니다。,,
,제 방이 차단기와 가까워서,,
,항상 제가 올리곤 하거든요。,,
,,,
,차단기는 1층 복도、,,
,창고 앞에 있습니다。,,
,거기까지 걸어간 저는 이상한,,
,냄새를 맡았죠。피 냄새였습니다。,,
,이상하다고 생각해서 보물창고를,,
,확인하러 갔더니‥‥,,
,오오! 죽어버린 모습의,,
,미마를 발견한 것입니다‥‥。,,
,증거품《사원의 도면》의,,
,데이터를 갱신했다。,,
,즉、봉납무가 끝나고서 정전이,,
,될 때까지 현장에 갔던 사람은‥‥,,
,피고인과 피해자뿐이라는,,
,사실이 성립됩니다。,,
,이 결정적인 목격 증언이 있었기에,,
,저희는 피고인을 체포했습니다。,,
,잠깐 기다려주십시오!,,
,봉납무 전에 사건이,,
,일어났을 수도 있지 않습니까?,,
,크크크。,,
,그건 있을 수 없습니다。,,
,피해자는 봉납무가 끝날 때까지,,
,연무실에 있었으니까요。,,
,네?,,
,그걸 보여주는 증거가 있습니다。,,
,관광객이 오전 봉납무의,,
,모습을 촬영한 사진입니다。,,
,호오。아름다운 춤이군요。,,
,선생님의 다마란 연주가 사진에서,,
,들려오는 것 같습니다。,,
,（확실히、경비 중인,,
,미마 씨가 찍혀있네‥‥）,,
,크크크。저희를 얕보지,,
,말아주셨으면 좋겠군요。,,
,（큭。《신탁》이외의 증거도,,
,제대로 갖추고 있다는 건가）,,
,증거품《오전 봉납무의 사진》의,,
,데이터를 법정기록에 추가했다。,,
,견습 승려는 주지인 제게,,
,있어서 자식과 같습니다。,,
,‥‥책임을 지고,,
,교육을 다시 해야겠군요。,,
,보쿠토～시조님의 앞에서～,,
,잘못을 인정하도록 해라～,,
,포트디노‥‥님‥‥。,,
,저는‥‥죽이지 않았습니다。,,
,시조님께 사죄해야 할 게,,
,어、없습니다。,,
,뭐라고! ‥‥나쁜 아이로구나。,,
,신앙심이 부족한 것 같군요。,,
,착한 아이에겐 꽃을～,,
,나쁜 아이에겐 벌을～,,
,시조님은 관대합니다。,,
,죄를 인정하면‥‥,,
,분명 명계에서는,,
,용서받을 겁니다。,,
,（그거 결국 한 번,,
,죽어야 하는 거잖아‥‥）,,
,변호인。그럼,,
,심문을 부탁드립니다。,,
,～목격한 것～,,
,오전 봉납무의 의식이 끝난 후～,,
,나는 내 방으로 돌아간 거야～,,
,,,
,내～방～이라고 하면～,,
,보물창고로 가는 길에 있지～,,
,,,
,언제든지～ 들리는 거야～,,
,보물창고에 가는 자들의 발소리가～,,
,,,
,보쿠토뿐이야～,,
,보쿠토뿐이야～,,
,,,
,정전 전에 미마를 제외하고～,,
,보물창고에 간 사람은～,,
,,,
,보였던 거야～,,
,창문 너머 보쿠토의 모습이～,,
,,,
,（증언에、모순은,,
,보이지 않는 것 같은데‥‥）,,
,（《추궁하기》로 정보를,,
,끌어낼 필요가 있겠어）,,
,,,
,（아무래도 결점을,,
,찾아낸 것 같네）,,
,（포트디노 씨는、2층,,
,자신의 방에 있었어‥‥）,,
,（아무리 생각해도 그게,,
,방해를 했을 거야）,,
,,,
,이방의 변호사여。,,
,안색이 안 좋군요。,,
,（심문의 실마리를,,
,찾을 수 없으니까‥‥）,,
,안색이 정장의 색깔과,,
,거의 같아지고 있네요。,,
,정말이지。,,
,외국인은 재주가 좋군요。,,
,（그쪽이 그런 말을 하면,,
,안 되지‥‥）,,
,（하지만、안색으로,,
,곤란한 걸 들켜선 안 돼）,,
,（좋아! 이럴 때는,,
,일단 증언을 추궁해보자）,,
,,,
,（큭! 이럴 때 파트너에게,,
,《상담하기》를 하고 싶은데‥‥）,,
,크큭。힘들어하는 것 같군요。,,
,부하 없이는 아무것도 못 합니까?,,
,혼자서는 변호할 수 없다니、,,
,오히려 짐만 되는 상사로군요。,,
,（무슨 소릴! 부하들이 그런 식,,
,으로 생각할 리가 없어!）,,
,（기합 넣고 가 보자!,,
,나루호도 류이치!）,,
,（지금까지의 정보를 종합하면‥‥,,
,수상한 건 바로 이 증언이야!）,,
,,,
,저기‥‥,,
,뭡니까?,,
,이봐요!,,
,왜 막는 겁니까!,,
,선생님의 노래를,,
,기분 좋게 듣고 있었는데!,,
,아니 아니! 이건 콘서트가,,
,아니라 심문입니다!,,
,음。그랬었죠。,,
,어쩔 수 없군요‥‥,,
,뭔가,,
,저에게 질문이 있습니까?,,
,봉납무에서는 악기의 연주를,,
,맡고 있으신 거죠?,,
,네。이《다마란》을,,
,연주하고 있습니다。,,
,제가 악기의 음색을、가수가,,
,의식의 노래를 시조님께 바치죠。,,
,선생님의 연주는 왕국 최고니까요。,,
,시조님도 기뻐하시겠죠。,,
,증언을 계속해서,,
,들려주시겠습니까?,,
,네。물론입니다。,,
,시조님을 위해 노래합시다。,,
,,,
,당신의 방 위치를,,
,다시 가르쳐 주시겠습니까?,,
,좋고 말고요。,,
,제 방은 연무실과,,
,보물창고 사이에 있습니다。,,
,（증인의 방 앞을 지나지 않으면,,
,보물창고에는 갈 수 없단 건가）,,
,그～～래～～서～～,,
,,,
,방 안에서도,,
,잘 들리는 건가요?,,
,지인사는 역사적인,,
,목조 건축물이니까요。,,
,벽을 뚫고,,
,소리가 전해지기 쉬운 거죠。,,
,（요컨대 오래된 건물이어서,,
,벽이 얇다는 건가）,,
,그 덕분에 범인의 움직임을,,
,알 수 있었습니다。,,
,이것도、시조님의,,
,가호의 선물이군요。,,
,네。참으로,,
,그런 것 같습니다。,,
,이 증언을,,
,시조님께 바칩시다!,,
,,,
,어떻게 보쿠토의 발소리,,
,라는 것을 아셨습니까?,,
,보쿠토는 제 자식과 같습니다。,,
,발소리 정도는 알 수 있죠。,,
,어떻게 보물창고에,,
,갔다는 것을 아셨습니까?,,
,반대 측 창고에 갔을 가능성은,,
,생각하지 못하셨습니까?,,
,그건、물론 보였기,,
,때문입니다。,,
,보였다?,,
,확실하게～ 보였던 거야～,,
,보물창고로 가는 그의 모습～,,
,그～것을～,,
,어～디에서～보～았～던～겁니까～,,
,발소리가 들린 후,,
,저는 창문으로 밖을 봤습니다。,,
,제 방의,,
,창문에서 밖을 보면‥‥,,
,건너편에 있는,,
,1층 복도의 창문이 보입니다。,,
,그곳으로 보물창고로 들어가는,,
,보쿠토의 모습을 보았습니다。,,
,（지금의 발언을,,
,증언에 추가해 달라고 할까?）,,
,,,
,방금 이야기、증언에,,
,추가해주시겠습니까?,,
,물론입니다。,,
,,,
,（그렇게 중요한 증언은 아니야。,,
,추가할 필요는 없겠지）,,
,계속 불러도,,
,괜찮겠지요?,,
,,,
,정말 두 사람 이외에는,,
,아무도 지나가지 않은 건가요?,,
,으음。소문대로,,
,변호사는 의심이 많군요。,,
,몰래 살금살금 지나간 사람이,,
,있다고는 생각되지 않습니까?,,
,살금살금 다닌다 해도、,,
,복도의 나무 바닥이 울릴 겁니다。,,
,기쉿、으드득 하고요。,,
,그 소릴 놓칠 순 없습니다。,,
,과연。,,
,잘 알겠습니다。,,
,변호인의 의심은,,
,쓸데없었군요。,,
,저는 노래를 부르～죠～,,
,진실의 노래를요～,,
,오오! 듣고 인정하시죠～,,
,선생님의 진실한 노래를～,,
,어～떠～십～니～까～,,
,변호인은 좀 포기를 하시죠～,,
,변호사는요～,,
,포길 하지 않죠～,,
,（아차‥‥!,,
,그만 따라부르고 말았다）,,
,오오! 변호사여。,,
,아무래도 당신도‥‥,,
,저의 리듬을,,
,이해하신 모양이군요。,,
,（안 돼、안 돼。상대의 페이스에,,
,넘어가면 안 돼!）,,
,창문 너머?,,
,네。제 방 창밖에는,,
,정원이 펼쳐져 있습니다。,,
,그 정원 너머로、보물창고로,,
,이어지는 복도의 창문이 보입니다。,,
,（확실히、도면을 보면,,
,그렇게 구성이 되어 있구나）,,
,자신의 방에서 그 정원을,,
,바라볼 수 있다니 부럽군요。,,
,지금 계절은 쿠라인 나비도,,
,날아다니니 필시 아름답겠죠。,,
,네。자주 정원을 보면서,,
,다마란과 이야기를 나눕니다。,,
,이렇게‥‥,,
,‥‥‥‥‥‥‥‥,,
,제가 보기엔、이 증거품은,,
,문제가 없어 보입니다만‥‥。,,
,（이런!,,
,틀린 건가‥‥）,,
,역시 변호사의 말장난입니까‥‥。,,
,용서할 수 없군요。,,
,시조님의 이름으로,,
,벌을 주겠습니다。,,
,‥‥‥‥큭!,,
,,,
,증인의 발언은 이 증거품과,,
,분명히 모순되고 있습니다!,,
,그것이、당신의 목숨을,,
,걸고 하는 지적인가요‥‥。,,
,도대체 그 어디에 모순이,,
,있다고 하는 것입니까?,,
,‥‥‥‥‥‥,,
,（으。위험해‥‥）,,
,죄송합니다。,,
,다시 해도 될까요?,,
,물론 상관없습니다만‥‥,,
,당신의 수명은 줄어들 것 같군요。,,
,벌을 주겠습니다!,,
,（우으으으‥‥）,,
,,,
,증인의 발언에는、,,
,이상한 부분이 있습니다。,,
,근거는、이 증거품입니다!,,
,‥‥‥‥‥아무래도、,,
,이상이 있는 건‥‥,,
,변호인의 이의 쪽인 것 같군요。,,
,잘못을 뉘우치도록 하세요!,,
,（실패한 건가‥‥‥‥!）,,
,거기까지!,,
,본 법정은 이 이상 심리의,,
,필요성을 인정하지 않습니다。,,
,변호인의 반증은 검찰 측 주장을,,
,뒤집을 힘이 없습니다。,,
,변호인은 쿠라인 법률에 의거、,,
,《변호죄》가 적용됩니다。,,
,그러면‥‥,,
,피고인、보쿠토 츠아니 및,,
,변호인、나루호도 류이치에게‥‥,,
,판결을 선고합니다。,,
,,,
,이상하군요。,,
,포트디노 씨。,,
,응?,,
,그렇습니까‥‥유감이네요。,,
,제 연주가 이방인인 당신의,,
,귀에는 맞지 않습니까?,,
,뭘 좋아하시죠?,,
,팝송? 록?,,
,귀 이야기가 아닙니다。,,
,당신의 눈 이야기입니다。,,
,,,
,포트디노 씨。,,
,당신、거짓말을 했군요。,,
,거짓말이라니～,,
,제～가～거짓말을～,,
,할～이～유～따～윈～,,
,없～습～니～다만～!,,
,과연 그럴까요?,,
,이게 뭔지 아십니까?,,
,사원의《연락서》군요。,,
,그게 뭐가 잘못됐습니까?,,
,이《연락서》에는,,
,이렇게 적혀있습니다。,,
,「《봉납무》를 실시하는 날이므로、,,
,복도의 창문을 모두 닫는다」,,
,뭐라고요?,,
,즉、당신의 방에서,,
,보일 리 없습니다。,,
,창문을 투시할 수 있는 게 아니면、,,
,보쿠토의 모습을 볼 수 없습니다!,,
,으오오오오오오오옷!,,
,아무래도 연락서의 내용을,,
,확인하지 않으셨던 것 같군요。,,
,‥‥으그그그。,,
,그런 말도 안 되는!,,
,믿지 못하시겠다면,,
,직접 확인하는 게 어떻습니까?,,
,그그그그‥‥,,
,보자‥‥때문에‥‥은‥‥,,
,‥‥의‥‥을‥‥합니다?,,
,어라?,,
,전혀 읽지 못하지 않습니까!,,
,쿠、쿠라인 문자를,,
,읽는 게 서툴러서‥‥。,,
,평소엔 다른 승려에게,,
,번역을 부탁하고 있습니다!,,
,그러고도 잘도 주지의 업무를,,
,보고 있으시군요。,,
,어、어쩔 수 없지 않습니까!,,
,반년 전에 고향인 유럽에서,,
,이사 왔으니까요。,,
,꽤 최근 일이군요。,,
,저기‥‥1년도 안 된 신입 승려가,,
,사원의 주지라니、너무나‥‥,,
,잘 모르시나 보군요。,,
,세월과 신앙심은 비례하지 않죠。,,
,제가 쿠라인교를 접한 건,,
,3개월 전의 일이었습니다。,,
,시조님의 가르침에 눈을 떠,,
,여기에 살기로 결정한 겁니다。,,
,（변호사가 없는 법정에,,
,서고 싶었을 뿐이면서‥‥）,,
,아우치 검사님‥‥알고 있습니다。,,
,맞아요。눈이 뜨이는 거죠‥‥。,,
,（이 두 사람、전부 갑자기,,
,믿기 시작한 사람들이잖아）,,
,（잠깐만‥‥아우치 검사가 신자가,,
,된 목적은 알겠다 치고）,,
,（설마 포트디노도,,
,다른 목적이 있었던 게‥‥?）,,
,포트디노 씨。,,
,,,
,당신이 있던 곳은 정말로,,
,자신의 방이 맞습니까?,,
,무、무슨 소립니까‥‥!,,
,사실은 다른 장소에,,
,있던 것은 아닌가요?,,
,가、가가가갑자기,,
,무슨 말도 안 되는‥‥。,,
,증인 자신이 증언했습니다。,,
,보쿠토 군을 목격했다‥‥라고。,,
,그게 가능한 장소가 있었다고,,
,생각하는 게 말도 안 되나요?,,
,그、그건‥‥,,
,변호인。당신은,,
,생각해둔 곳이 있는 겁니까?,,
,포트디노 선생님이 계셨던、,,
,다른 장소에 대해。,,
,（포트디노가 있던,,
,다른 장소‥‥）,,
,（보물창고로 들어가려는,,
,보쿠토가 보이는 곳은 적어）,,
,（도면을 보면,,
,추측할 수 있을 거야‥‥!）,,
,네。,,
,증인이 복도에서 보물창고로,,
,들어가는 보쿠토를 보았다면‥‥,,
,그가 있었던 곳은、,,
,이곳 말고는 없습니다！,,
,,,
,포트디노 씨!,,
,당신은、여기 있었을 겁니다!,,
,그～것은～모순 모순,,
,모순됐다고 생각하는데요～?,,
,네?,,
,거기에 증인이 있었다고 해도,,
,아까 변호인이 말한 대로‥‥,,
,피고인을 보는 것은,,
,불가능하지 않습니까?,,
,앗。,,
,이～것은～처벌이～,,
,필요한 건 아닐까～생각됩니다만～?,,
,당～연～히,,
,그래야지요～!,,
,（으으‥‥）,,
,（한 번 더,,
,제대로 생각해보자!）,,
,,,
,거기까지!,,
,본 법정은 이 이상 심리의,,
,필요성을 인정하지 않습니다。,,
,변호인의 반증은 검찰 측 주장을,,
,뒤집을 힘이 없습니다。,,
,변호인은 쿠라인 법률에 의거、,,
,《변호죄》가 적용됩니다。,,
,그러면‥‥,,
,피고인、보쿠토 츠아니 및,,
,변호인、나루호도 류이치에게‥‥,,
,판결을 선고합니다。,,
,,,
,그、그곳은!,,
,아까 당신이‥‥,,
,진범이 있었을지도 모른다고,,
,말했던 곳이 아닙니까!,,
,（그래。아무리 봐도 여기,,
,있었다고 볼 수밖에 없어）,,
,,,
,이방의 변호사여。,,
,당신은、설마‥‥,,
,,,
,포트디노 선생님을 진범으로,,
,고발할 셈입니까?,,
,,,
,（고발‥‥인가‥‥,,
,음。어쩌지‥‥）,,
,변호인。왜 그러십니까?,,
,확실히 말하세요!,,
,（포트디노 씨가 있던 장소가,,
,진범이 있던 곳과 일치했다）,,
,（‥‥여기까지 왔으면,,
,이제 물러날 순 없어）,,
,（각오를 다지는 거야!）,,
,네。,,
,증인이 살인범일 가능성은,,
,높다고 생각합니다。,,
,무무무무슨、불경한 소릴!,,
,《신탁》에 트집을 잡더니 이젠、,,
,주지님이 사、살인범이라고요?,,
,증인이 서 있던 장소는,,
,이곳 외엔 여지가 없습니다。,,
,여기에 있으면 피해자를 뒤에서,,
,때려죽일 수 있습니다!,,
,그리고 시체를 보물창고까지,,
,나르는 것도 가능했을 겁니다!,,
,그、근거 없는 엉터리다!,,
,그리고、하나 더‥‥,,
,서두 변론을 떠올려 보십시오。,,
,서두 변론이라 한다면?,,
,아우치 검사님。당신이 말씀하셨죠。,,
,보쿠토 군이‥‥,,
,견습 승려란 위치를 이용해,,
,비보에 다가갔다고。,,
,네。말했었지요!,,
,그게 어쨌다는 겁니까!,,
,그렇다면、,,
,이런 가설은 어떻습니까?,,
,도둑이 이용했던 것이,,
,사원의 지주란 위치였다면‥‥,,
,뭐!,,
,뭐뭐!,,
,뭐라고요‥‥?,,
,비보의 함의 열쇠는,,
,대대로 사원의 지주가 맡는다。,,
,비보를 훔치기에,,
,딱 맞는 위치가 아닙니까?,,
,무무무、무슨 말을!,,
,그럼、당신은‥‥,,
,선생님의 신앙심이 도둑질을 위한,,
,거짓이었다는 겁니까?,,
,증인은 아까부터,,
,진실을 증언하지 않고 있습니다。,,
,명백히、,,
,거짓말을 하고 있다구요!,,
,크으으으‥‥。,,
,거짓말을 하지 않겠다고 시조님께,,
,맹세하지 않았던가요?,,
,신앙심이 집을 나갔나 보군요!,,
,크으우우우우우아아아앗‥‥!,,
,바、바보 같은데도,,
,정도가 있습니다!,,
,애、애초부터‥‥거짓이 아니라,,
,착오일 수도‥‥,,
,‥‥검사。,,
,허둥지둥하지 마。,,
,‥‥꼴불견이야。,,
,네?,,
,포、포트디노 선생님‥‥?,,
,변호사‥‥,,
,당신은 역시、최악이야。,,
,당신은 말해선 안 되는 걸,,
,말해버렸어‥‥。,,
,시조님에 대한,,
,이 몸의 신앙심을 의심하다니‥‥,,
,그것만큼은 용서할 수 없어‥‥,,
,용서할 수 없다구!,,
,,,
,뭐、뭡니까! 이 음악은!,,
,귀가 찢어질 것 같군요!,,
,이게 진짜,,
,영혼의 음악이란 것이다!,,
,데에에에에에에스! 투우우우!,,
,더어어어! 로이어어어어어어!,,
,이 몸은 지옥의 사자 포트디노!,,
,변호사 녀석을 고 투 헬!,,
,거짓말로 얼룩진 변호사,,
,처형대로 보내버리겠다아아아앗!,,
,（‥‥장르도 종교도,,
,바뀌어 버렸잖아）,,
,이 몸의 분노를 전하려면,,
,느릿느릿한 음악으론 턱도 없지!,,
,분노‥‥로군요。,,
,혹시、거짓말이 들켜서,,
,분노하는 겁니까?,,
,모르는 모양이군。어이。,,
,내 거짓말은 너 때문이다!,,
,모든 것은 네가 어처구니없는,,
,의심을 해서 그런 것이다!,,
,유감이지만,,
,그게 제 일이거든요。,,
,훗!,,
,역시 변호사는 쓰레기구나。,,
,너무 소란피우면 내 파트너가,,
,가만있지 않을 거거든?,,
,（소란피우는 게 누군데）,,
,어이!,,
,진실을 듣고 싶나?,,
,각오는 됐나? 응?,,
,그래‥‥들려주지!,,
,이 몸의,,
,진실의 데스 비트를 말이야!,,
,뜨거운 감정이,,
,끓어오르지?,,
,이 몸의 영혼의 외침에,,
,네놈들의 영혼이 공명하고 있다!,,
,（방금의 연주로,,
,법정 분위기가 바뀌었어‥‥?）,,
,재판장!,,
,증언을 하겠다!,,
,이 몸의 진실한 영혼의 외침을!,,
,《리얼 소울 스크림》!,,
,,,
,～리얼 소울 스크림～,,
,마지막을 알리는 무녀의 춤,,
,이 몸은 악기 창고로 향했던 거다,,
,그것이 네가 원하는!,,
,데스 앤 트루스!,,
,창고의 앞에서 보였던 그림자,,
,보물창고에 가는 보쿠토의 섀도우,,
,그림자를 쫓는 미마의 모습,,
,지옥으로 향하는 순교자인 것처럼,,
,악기 창고라고 불리는 천국,,
,순수한 이 몸은 파트너와 대화,,
,그리고 갑자기 블랙아웃!,,
,정전이 모든 걸 어둠으로 덮었다,,
,땡큐!,,
,으음。,,
,뭡니까 이 음악은!,,
,템포가 너무 빨라서,,
,뭐가 뭔지 모르겠습니다!,,
,디-스 이즈,,
,다마란 메타아아아아아알!,,
,재판장에겐 자극이,,
,너무 강했을지도 모르겠군!,,
,（난 음악은,,
,잘 모르지만‥‥）,,
,（뭐지‥‥,,
,등에 퍼지는 이 오싹함은‥‥）,,
,헤이 헤이 헤이! 변호사 놈도,,
,쫄았나 보구만、어이!,,
,으음。멋진 비트입니다。,,
,이 비트를 타고,,
,심리를 계속하죠。,,
,증인。악기 창고에는,,
,뭐 하러 갔습니까?,,
,그야。파트너를,,
,정리하러 갔지。,,
,소중한 파트너야。의식 후에는,,
,쉬게 해줘야 하잖아。,,
,왜 아까는,,
,거짓말을 했습니까!,,
,비커즈‥‥?! ?!,,
,?! 앤드! ?!,,
,네?,,
,뭣 같은 거짓말쟁이 변호사가,,
,있으니까 당연한 거 아냐!,,
,으음?,,
,창고에 있었다고 말하면,,
,누명을 씌워서,,
,고 투 헬!,,
,지옥행이야。알잖아?,,
,맞아! 맞아!,,
,“변호죄”가 제정된 이유를,,
,자～알 알겠어。그렇지?,,
,옳소! 옳소!,,
,（뭐야、이 열기는?）,,
,너희들!,,
,이 몸의 비트가 닿고 있냐!,,
,네에에에에에에에에에에에에에!,,
,함께 거짓말쟁이 변호사 놈을,,
,박살 낼 준비는 OK?,,
,네에에에에에에에에에에에에에!,,
,좋～아! 한 번 더 들어보자고!,,
,이 몸의 외침을!,,
,～리얼 소울 스크림～,,
,마지막을 알리는 무녀의 춤,,
,이 몸은 악기 창고로 향했던 거다,,
,,,
,그것이 네가 원하는!,,
,데스 앤 트루스!,,
,,,
,창고의 앞에서 보였던 그림자,,
,보물창고에 가는 보쿠토의 섀도우,,
,,,
,그림자를 쫓는 미마의 모습,,
,지옥으로 향하는 순교자인 것처럼,,
,,,
,악기 창고라고 불리는 천국,,
,순수한 이 몸은 파트너와 대화,,
,,,
,그리고 갑자기 블랙아웃!,,
,정전이 모든 걸 어둠으로 덮었다,,
,,,
,（‥‥무슨 말을 하는 건지,,
,절반 정도밖에 모르겠어）,,
,（추궁할 수밖에 없나‥‥。,,
,별로 내키지는 않지만）,,
,,,
,이방의 변호사여。,,
,안색이 안 좋군요。,,
,（심문의 실마리를,,
,찾을 수 없으니까‥‥）,,
,안색이 정장의 색깔과,,
,거의 같아지고 있네요。,,
,정말이지。,,
,외국인은 재주가 좋군요。,,
,（그쪽이 그런 말을 하면,,
,안 되지‥‥）,,
,（하지만、안색으로,,
,곤란한 걸 들켜선 안 돼）,,
,（좋아! 이럴 때는,,
,일단 증언을 추궁해보자）,,
,‥‥‥‥‥‥‥‥,,
,제가 보기엔、이 증거품은,,
,문제가 없어 보입니다만‥‥。,,
,（이런!,,
,틀린 건가‥‥）,,
,역시 변호사의 말장난입니까‥‥。,,
,용서할 수 없군요。,,
,시조님의 이름으로,,
,벌을 주겠습니다。,,
,‥‥‥‥큭!,,
,,,
,증인의 발언은 이 증거품과,,
,분명히 모순되고 있습니다!,,
,그것이、당신의 목숨을,,
,걸고 하는 지적인가요‥‥。,,
,도대체 그 어디에 모순이,,
,있다고 하는 것입니까?,,
,‥‥‥‥‥‥,,
,（으。위험해‥‥）,,
,죄송합니다。,,
,다시 해도 될까요?,,
,물론 상관없습니다만‥‥,,
,당신의 수명은 줄어들 것 같군요。,,
,벌을 주겠습니다!,,
,（우으으으‥‥）,,
,,,
,증인의 발언에는、,,
,이상한 부분이 있습니다。,,
,근거는、이 증거품입니다!,,
,‥‥‥‥‥아무래도、,,
,이상이 있는 건‥‥,,
,변호인의 이의 쪽인 것 같군요。,,
,잘못을 뉘우치도록 하세요!,,
,（실패한 건가‥‥‥‥!）,,
,,,
,악기 창고로 갔다‥‥。,,
,사실은 보물창고에 비보를,,
,훔치러 간 것이 아닙니까?,,
,응? 무슨 근거로,,
,그렇게 말하는 것일까나?,,
,（분명히 근거는 없다。,,
,그래도‥‥）,,
,보물창고에 가지 않았다는,,
,근거도 없지 않습니까!,,
,‥‥‥‥‥‥‥‥‥‥‥‥,,
,당신은 비보를 훔치고 달아나려고,,
,했을 때 피해자와 만난 겁니다。,,
,그래서 당황하며 악기 창고로,,
,도망쳐 들어간 겁니다! 틀립니까!,,
,‥‥‥‥‥‥‥‥‥‥‥‥,,
,（으으‥‥。,,
,법정에서 차가운 시선이 느껴져）,,
,이 정숙함이、대답이야。,,
,관객은 솔직하지。,,
,으음! 정숙은,,
,음악의 최고의 조미료군。,,
,（으윽‥‥。이 나라에서는,,
,변호사의 이미지가 최악이야）,,
,몇 번이라도 반복해주지。,,
,망할 변호사여。,,
,이 몸은 무녀의 춤이 끝난 뒤,,
,악기 창고로 향했다고。,,
,,,
,저기。데스 앤 트루스,,
,‥‥란 건 무엇입니까?,,
,그것은 변호사 녀석의 소울을,,
,지옥에 장송하는 진실의 칼날!,,
,블러들리 레이크가 네놈의,,
,눈알에 비칠 마지막 비전이다!,,
,（점점 더,,
,알 수 없게 됐잖아‥‥）,,
,네놈의 뾰족 헤드로,,
,생각해봤자 알 리가 없지!,,
,하드한 비트는,,
,하트로 느끼는 것이니까!,,
,,,
,그때、보쿠토 군은,,
,어떤 모습이었습니까?,,
,지금 생각해보니、슬금슬금,,
,주위를 살피고 있었지。,,
,분명、백이 더티한 게 있는,,
,녀석의 움직임이었지。,,
,（백이 더티‥‥?,,
,아。“뒤가 구리다”라는 건가）,,
,비보를 훔치려고,,
,했으니、당연하겠지요。,,
,피고인은 비보의 함을 몰래,,
,구경하러 갔었습니다。,,
,그래서、주위를 신경 쓰고,,
,있었던 것 아닐까요?,,
,글쎄? 진실은‥‥,,
,갓 온리 노우즈?,,
,노! 노!,,
,포트 온리 노우즈!,,
,아티스트는、자신이,,
,느낀 진실만을 노래하지。,,
,（그러니까‥‥）,,
,（“이 몸에게는 그렇게 보였다”,,
,고 말하고 있을 뿐이잖아）,,
,그래서、그 후에 증인은,,
,무엇을 본 것입니까?,,
,,,
,（왠지 시간 낭비일 것 같지만、,,
,일단 물어는 볼까‥‥）,,
,순교자라니‥‥,,
,뭘 말하는 겁니까?,,
,오우! ?!,,
,모르는 건가?,,
,별수 없군。,,
,어느 시대라도 그렇지‥‥,,
,명곡일수록 가사의 해석에는,,
,논쟁이 생겨나니까。,,
,（그런、거창한 이야기는,,
,아니라고 생각하지만‥‥）,,
,미마의 모습을 순교자에 빗댄 건,,
,그 죽음을 목전에 둔 등이‥‥,,
,（큰일이다。이 이야기,,
,분명 길어질 거야‥‥）,,
,그 인스퍼레이션이 한순간에,,
,이 몸의 머리에 떠오른 거지。,,
,저、저기!,,
,가사의 해석은 이제 됐습니다!,,
,‥‥아앙?,,
,네놈이 물어봤잖아!,,
,（으으‥‥。,,
,역시 묻는 게 아니었어）,,
,선생님。심문 중이니、부디,,
,증언을 계속해주셨으면 합니다。,,
,가사의 해석은 다음번에,,
,다마란 교실에서 부탁드립니다。,,
,‥‥칫。알겠다고。,,
,쇼 머스트 고 온。,,
,이 몸의 노래를 들어라!,,
,,,
,악기 창고에서는,,
,무엇을 하고 있었던 겁니까?,,
,‥‥‥‥‥‥‥‥‥‥,,
,두 유 언더스탠드?,,
,알 리가 없지 않습니까!,,
,선생님은 같은 말을 몇 번이나,,
,묻지 말라는 겁니다。,,
,그레이트! 잘 아는군!,,
,역시 이 몸의 제자구나!,,
,（뭐야?!,,
,알아들었다니‥‥）,,
,무엇을 하고 있었냐고?,,
,아까도 말했잖아?,,
,수다스러운 이 몸의 파트너를,,
,손질하고 있었다고 말이야!,,
,그‥‥리‥‥고‥‥,,
,,,
,정전이 일어났을 땐,,
,어디에 있었습니까?,,
,그거야 악기 창고지。,,
,파트너의 상태가 좀 안 좋아서。,,
,손질을 하고 있었던 거야。,,
,사실은 그때 복도에,,
,나와 있었던 게 아닙니까?,,
,와이?,,
,어째서 그런 곳에?,,
,보물창고를 둘러본 미마 씨가,,
,돌아오는 것을 기다렸던 거죠。,,
,비보가 도난당한 것을 눈치챈,,
,미마 씨를 죽이기 위해서!,,
,?으로 더럽혀진 변호사가,,
,헤드가 나간듯한 사기를 치네,,
,네 녀석은 라이어!,,
,절대로 용서할 수 없어!,,
,모든 것이 거짓말뿐!,,
,전부 근거 없는 트집뿐!,,
,좋구만! 그루브를 잘 타는군!,,
,검사 양반!,,
,（으윽。,,
,둘이서 신났네）,,
,거기까지!,,
,본 법정은 이 이상 심리의,,
,필요성을 인정하지 않습니다。,,
,변호인의 반증은 검찰 측 주장을,,
,뒤집을 힘이 없습니다。,,
,변호인은 쿠라인 법률에 의거、,,
,《변호죄》가 적용됩니다。,,
,그러면‥‥,,
,피고인、보쿠토 츠아니 및,,
,변호인、나루호도 류이치에게‥‥,,
,판결을 선고합니다。,,
,흐음。,,
,변호인의 주장은 알겠습니다만、,,
,근거가 모자라 보이는군요。,,
,（으으으‥‥）,,
,헷헷헷헷!,,
,（큭‥‥비웃기는）,,
,하지만!,,
,아직 가능성은 있습니다!,,
,증인이 정전 중에 살해한 것을,,
,부정할 근거도 없을 겁니다。,,
,근거라면 있습니다。,,
,네?,,
,큭큭큭큭큭。,,
,변호인은 정전이 우연히,,
,일어났다는 걸 잊은 모양이군요。,,
,아。,,
,아。,,
,（잊고 있었다‥‥）,,
,정전 중이 아니라면、뒤에서,,
,몰래 다가가 죽이긴 어렵겠죠。,,
,피해자에게 다가간 시점에서,,
,들켜버릴 테니까요。,,
,확실히 말씀대로입니다。,,
,밝았다면 누구라도 알았겠죠。,,
,어떻습니까!,,
,변호인!,,
,（어、어떨까‥‥?）,,
,변호인의 주장은,,
,완전히 무의미합니다。,,
,증인이 의도적으로 정전을,,
,일으킬 수 없는 한 말이죠。,,
,（의도적으로 정전을,,
,일으킨다‥‥?）,,
,（아! 혹시!）,,
,,,
,증인은 의도적으로,,
,정전을 일으켰을 겁니다。,,
,어느 물건을 써서 말이죠‥‥。,,
,뭐라고?,,
,변호인!,,
,무슨 소리입니까?,,
,증인이 이용한 것은,,
,도면에 나와 있습니다。,,
,（증인이 정전을 일으키는데,,
,사용한 물건이란?）,,
,,,
,증인은 이것을 써서,,
,정전을 일으킨 겁니다!,,
,‥‥‥‥‥‥‥‥‥‥‥‥‥‥,,
,（어라‥‥?）,,
,그걸로 정전을 일으켰다?,,
,할 수 있다면、,,
,보여주셨으면 하는데요。,,
,（큰일이야‥‥。,,
,잘못 짚은 모양이야）,,
,아무래도 정전이 일어난 건,,
,변호인의 머릿속이었나 보군요!,,
,（으으‥‥。,,
,생각해보자‥‥）,,
,（정전을 일으킬 방법‥‥,,
,뭔가 있을 거야!）,,
,,,
,거기까지!,,
,본 법정은 이 이상 심리의,,
,필요성을 인정하지 않습니다。,,
,변호인의 반증은 검찰 측 주장을,,
,뒤집을 힘이 없습니다。,,
,변호인은 쿠라인 법률에 의거、,,
,《변호죄》가 적용됩니다。,,
,그러면‥‥,,
,피고인、보쿠토 츠아니 및,,
,변호인、나루호도 류이치에게‥‥,,
,판결을 선고합니다。,,
,,,
,포트디노 씨가 있던 창고 쪽,,
,복도에는 차단기가 있습니다。,,
,차단기를 내리면 의도적으로,,
,정전을 일으킬 수 있습니다!,,
,으그극!,,
,헷。꽤 하잖아。‥‥그래도。,,
,조금 무리가 있지 않으려나。,,
,무、무슨 뜻입니까!,,
,이 몸이 차단기를 내린 다음,,
,피해자에게 다가가 때렸다고?,,
,‥‥새카만 어둠 속에서?,,
,어떤 불빛도 없이?,,
,아。,,
,핫핫하!,,
,저 복도는 정전이 되면,,
,새카매지거든。,,
,1mm 앞도、다크니스!,,
,그런 게 가능할 리 없지!,,
,정전이 일어났을 때 피해자의,,
,앞에 있던 피고인이면 몰라도!,,
,（으으‥‥）,,
,（맞는 말이야。,,
,하지만、뭐라도 말해야 해!）,,
,무、무언가 표시가 될만한 걸,,
,피해자가 갖고 있지 않았을까요?,,
,,,
,어둠에서 표시가 될만한 것‥‥?,,
,“무언가”란 건 또 애매하네요。,,
,그런 앱스트랙트한,,
,피쳐로는 전해지지 않는다고。,,
,마음에 쾅 하고 바람구멍을,,
,내줄 법한 말을 자아내라!,,
,이 몸의 노랫말처럼 말이야!,,
,으음。증인의 노랫말도 저는,,
,잘 모르겠습니다만‥‥。,,
,확실히、재판에서는 애매한,,
,발언은 통용되지 않습니다。,,
,변호인은 똑바로 대답해,,
,주지 않으면 안 되겠지요。,,
,（으윽。,,
,어쩌지‥‥）,,
,,,
,표시가 될만한 건 무엇인가?,,
,변호인은 제시할 수 있습니까?,,
,,,
,（못합니다‥‥라고 솔직하게,,
,대답해버릴 뻔했다）,,
,（그런 짓을 했다가는,,
,재판이 끝나버려!）,,
,（허세라도 괜찮아。지금은,,
,어떻게라도 답하는 수밖에!）,,
,할 수 있습니다‥‥。,,
,제시하겠습니다!,,
,（생각해라‥‥,,
,무언가‥‥무언가 있을 것이다）,,
,,,
,그러면、,,
,제시해주시죠。,,
,,,
,피해자가 가지고 있었을 가능성이,,
,있는 표시가 될만한 것은‥‥?,,
,피해자는 이것을 갖고 있었다‥‥,,
,‥‥‥‥‥‥‥‥,,
,‥‥라곤 할 수 없겠지요。,,
,변호인‥‥지금 제 얼굴을 보고,,
,도중에 답을 바꾸었군요。,,
,（들켰나‥‥）,,
,나 참‥‥변호사는,,
,어리석고 줏대도 없군。,,
,벌을 주겠습니다!,,
,으갸아!,,
,으음。좋은 비명이군!,,
,다、다시 제시할,,
,기회를 주십시오!,,
,와우! 또 들려주려는 건가?,,
,그 비명을!,,
,그렇다면、다시 한번,,
,제시해주십시오。,,
,,,
,거기까지!,,
,본 법정은 이 이상 심리의,,
,필요성을 인정하지 않습니다。,,
,변호인의 반증은 검찰 측 주장을,,
,뒤집을 힘이 없습니다。,,
,변호인은 쿠라인 법률에 의거、,,
,《변호죄》가 적용됩니다。,,
,그러면‥‥,,
,피고인、보쿠토 츠아니 및,,
,변호인、나루호도 류이치에게‥‥,,
,판결을 선고합니다。,,
,,,
,피해자가‥‥,,
,《비보의 함》을 가지고 있었다면?,,
,응?,,
,네?,,
,아앙?,,
,‥‥무슨 소리를 하는 겁니까?,,
,,,
,어두워도 빛나는 함이 있다면、,,
,피해자의 위치가 보일까‥‥싶어서。,,
,네。,,
,뭐‥‥그건 그렇겠지만요。,,
,의미를 모르겠습니다。,,
,어째서 피해자가 그것을?,,
,그、그건‥‥그‥‥,,
,（거기까지는 생각을 못 했는데）,,
,뭔 소리를 하는 거야、,,
,저 변호사。,,
,역시 변호사는,,
,이상한 말만 해대는군。,,
,서둘러 사형해버리면,,
,좋잖아!,,
,（위험해‥‥이 분위기‥‥）,,
,변호인。,,
,다시 한번‥‥,,
,혀 뽑기용 가위를 준비해 둘,,
,필요가 있을까요?,,
,으으으으윽‥‥,,
,좋구만～。변호사 녀석이,,
,괴로워하는 목소리가 들린다구。,,
,히히히! 발버둥 쳐보라고。,,
,더욱더 오열을 들어줄 테니。,,
,네놈의 혀가,,
,잡아 빠지기 전까지 말이야!,,
,（뭐、뭐라도 생각해야‥‥）,,
,피、피해자가 비보의 함을,,
,가지고 있었던 것에는‥‥,,
,어엿한 이유가 있습니다!,,
,（아마도）,,
,（피해자가 비보의 함을 가지고,,
,있던 이유‥‥뭐 없을까?）,,
,,,
,그것은 피해자가‥‥,,
,,,
,‥‥경비원이었기에,,
,그런 것은 아닐까요?,,
,네?,,
,미마 씨는 비보를 지키기 위해,,
,들고 나왔던 겁니다!,,
,대、대체 무슨 소리입니까!,,
,분명、미마 씨는 그 날,,
,비보가 노려질 것을 알았겠죠。,,
,범인에게서 예고장 같은 게,,
,왔었을지도 모릅니다。,,
,그래서‥‥! 도둑맞기 전에,,
,비보를 감추려고 했던 겁니다!,,
,무슨!,,
,그런 드라마 같은 일이‥‥,,
,재판장님! 변호사의 혓놀음에,,
,놀아나서는 안 됩니다!,,
,피해자가 그런 것을,,
,알고 있었다면‥‥,,
,사원 사람들에게 보고를,,
,했을 텐데 말이죠?,,
,화、확실히!,,
,그런 이야기는 주지인 이 몸도,,
,전혀 들은 적이 없다!,,
,（으‥‥,,
,아무래도 엇나간 모양이군）,,
,‥‥하마터면 변호인의 거짓말에,,
,제 혼이 더럽혀질 뻔했습니다。,,
,거、거짓말이 아닙니다!,,
,（다시 한번、지적하는 거야!）,,
,（피해자가 비보의 함을 가지고,,
,있던 이유‥‥뭐 없을까?）,,
,,,
,‥‥독실한 신자였기에,,
,그런 것은 아닐까요?,,
,호오?,,
,독실한 신자라면‥‥,,
,비보에 다가가서는 안 된다는,,
,법률을 제대로 지키겠지요。,,
,아。,,
,‥‥확실히 그렇네요。,,
,그! 러! 니! 까!,,
,이 녀석의 말은 전부 엉터리,,
,라고 했잖아。,,
,확실히、수상하군요。,,
,아、아닙니다!,,
,제대로 생각한 게 있습니다!,,
,（피해자가 비보의 함을 가지고,,
,있던 이유‥‥뭐 없을까?）,,
,,,
,（될 대로 되라는 식으로,,
,생각한 거지만‥‥）,,
,（이건 그래도 있을 만한,,
,경우가 아닐까?）,,
,（만약 그렇다고 한다면‥‥,,
,모든 것이 역전한다!）,,
,변호인?,,
,갑자기 말이 없어졌군요?,,
,자! 어서 그럴듯한 이유를,,
,가르쳐주십시오!,,
,피해자가 도둑이었다‥‥,,
,그렇게 생각해보면 어떨까요?,,
,피해자가?,,
,도둑‥‥?,,
,히～히히히!,,
,무슨 소리를 해대는 거야?,,
,재판장!,,
,이 녀석、완전히 맛이 갔구만!,,
,피해자가 도둑이었다고,,
,생각하면 앞뒤가 맞습니다。,,
,그리고 역전하는 겁니다。,,
,피해자의 행동의 의미가、전부!,,
,,,
,오전 봉납무가 끝난 다음、,,
,미마 씨는 보물창고로 향했습니다。,,
,비보가 든 함을 훔쳐서,,
,달아나려 한 것이겠죠。,,
,하지만、그는 대계단에서,,
,보쿠토 군과 만나버렸습니다。,,
,그래서、보쿠토 군을,,
,권총으로 위협한 것입니다。,,
,그때 정전이 일어났고‥‥,,
,‥‥어둠 속에서 살해당했습니다。,,
,그렇다면、피해자가 빛나는 함을,,
,들고 있던 게 됩니다。,,
,피고인 외에도 그를 살해하는 것이,,
,가능해진다는 겁니다!,,
,어처구니없는 말을,,
,꺼냈군요。,,
,이건 언빌리버블이군。,,
,너 말이야、넋이 나갔구만。,,
,큭큭큭、크레이지!,,
,미마가 도둑이라고?,,
,그 독실한 쿠라인교도였던,,
,미마가?,,
,피해자의 혼을 모독하는 발언。,,
,그냥 지나칠 수는 없겠군요。,,
,그에 상응한 각오를 하고,,
,말을 하는 거겠죠?,,
,무、물론입니다。,,
,호호。그렇게까지 말한다면,,
,《증거》도 있을 테지요。,,
,（윽。증거인가‥‥。,,
,있으려나‥‥?）,,
,（그래도、,,
,여기서 물러날 수는 없어!）,,
,이、있습니다!,,
,（있었으면 좋겠는데‥‥）,,
,어느 증거품이라면,,
,남아 있을지도 모릅니다。,,
,미마 씨가 도둑이었다는,,
,것을 보여주는 증거가 말이죠。,,
,알겠습니다。,,
,그러면 각오를 하고,,
,제시해주시죠。,,
,,,
,（지문? 발자국?,,
,지금은 뭐라도 좋아!）,,
,（미마 씨가 도둑이라는 것을,,
,뒷받침할 물건이‥‥）,,
,（무언가의 증거‥‥흔적이 남을,,
,수 있는 것을 생각하는 거야）,,
,피해자가 도둑이었다는,,
,증거가 될 가능성이 있는 건?,,
,,,
,이 증거품을,,
,자세하게 조사해주십시오!,,
,그것이、당신의 각오입니까‥‥,,
,그 증거에 무언가가 남아 있을,,
,거라고는 생각되지 않는데요。,,
,（으。,,
,잘못 짚은 모양이군‥‥）,,
,각오를 하고,,
,벌을 받으십시오!,,
,으그으으으으으윽!,,
,（으으‥‥）,,
,（진정하자‥‥。진정하고,,
,좀 더 간단히 생각하는 거야）,,
,（흔적이 남아 있다면,,
,피해자에게 닿았던 물건일 터）,,
,（피해자가 도둑이었다면,,
,반드시 만질 물건은 뭐지?）,,
,다시 한번 기회를 드리죠。,,
,이번에야말로 각오를 하고,,
,제시해주십시오!,,
,,,
,거기까지!,,
,본 법정은 이 이상 심리의,,
,필요성을 인정하지 않습니다。,,
,변호인의 반증은 검찰 측 주장을,,
,뒤집을 힘이 없습니다。,,
,변호인은 쿠라인 법률에 의거、,,
,《변호죄》가 적용됩니다。,,
,그러면‥‥,,
,피고인、보쿠토 츠아니 및,,
,변호인、나루호도 류이치에게‥‥,,
,판결을 선고합니다。,,
,비、비보의 함을,,
,자세히 조사하게 해주십시오!,,
,뭔가、피해자가 가지고 있던 것을,,
,나타낼 흔적이 있을‥‥지도,,
,그냥은‥‥넘어가지 않을 겁니다。,,
,변호인。,,
,아、네。,,
,물론입니다!,,
,알겠습니다‥‥。,,
,담당관! 비보의 함을 가져오세요!,,
,자。변호인。,,
,마음대로 하세요。,,
,（여기서 아무것도 못 찾으면,,
,모든 추리가 물거품이 된다）,,
,（게다가‥‥,,
,나의 혀와도 이별이야）,,
,（무슨 일이 있어도、,,
,증거를 찾아야 해‥‥）,,
,（우선、증거품 조사방법을,,
,확인해보자‥‥）,,
,（화면을 슬라이드 하면,,
,증거품을 돌려볼 수 있다）,,
,（옆에 있는 막대로 확대와 축소,,
,를 하면 자세히 볼 수 있다）,,
,（어디를 보고 있는지,,
,모르겠다면‥‥）,,
,（리셋을 터치하면,,
,카메라를 되돌릴 수 있다）,,
,（토씨 하나 놓치지 않게,,
,관찰하고‥‥）,,
,（신경 쓰이는 게 있으면,,
,터치해서 조사하자!）,,
,（특별히 신경 쓰이는 것은 없군。,,
,다른 곳을 조사하자）,,
,（강제로 열린,,
,함의 뚜껑이라‥‥）,,
,（피해자가 함을 안고 있었을 땐、,,
,뚜껑이 닫혀 있었겠지）,,
,（뚜껑을 한 번 닫아보자）,,
,,,
,（이 안에、시조의 보옥이,,
,들어 있었나‥‥）,,
,（조각 하나도,,
,남지 않은 것 같네）,,
,（뭐。조각이 남을 수 있는,,
,모양의 물건인지도 모르겠지만）,,
,（피해자의 혈흔‥‥인가）,,
,（함에 맞은 상처에서,,
,묻은 건가。아니면‥‥）,,
,（다른 물건에 맞은,,
,상처에서 튄 건가‥‥）,,
,（으음。,,
,이것만으로는 모르겠네‥‥）,,
,,,
,（나비 조각이 새겨져 있다）,,
,（쿠라인 왕국 곳곳에서,,
,보았던 나비 모양이다）,,
,（이건、,,
,어떤 증거로도 못 쓰겠네‥‥）,,
,,,
,（자물쇠네‥‥。이게,,
,억지로 열려있었단 건가）,,
,（딱히 이상한 곳은,,
,없어 보인다）,,
,,,
,앗!,,
,뭐、뭔가요!,,
,오! ?!,,
,잠가버렸어。,,
,네?,,
,（그렇게 허둥댈 일인가?）,,
,분명 당신이 가지고 있는,,
,열쇠를 사용하면 열리겠지요。,,
,‥‥그、그건 그렇지만。,,
,（왜 동요하고 있는 거지?）,,
,다시 함의 뚜껑을,,
,열고 싶은데‥‥,,
,곡옥 열쇠를,,
,빌려주시겠습니까?,,
,‥‥그러지。,,
,음‥‥열쇠 구멍이‥‥,,
,《곡옥 열쇠》니까 말이죠。,,
,그、곡옥 그림의 자물쇠에,,
,꼽는 건 어떨까요?,,
,,,
,응?,,
,어라‥‥열리지 않는데요。,,
,‥‥켁。,,
,맙소사。,,
,억지로 연 탓에 자물쇠가,,
,부서져 버린 모양이군。,,
,（이상한데‥‥,,
,정말 그런 건가‥‥?）,,
,증거품《비보의 함》의,,
,데이터를 갱신했다。,,
,（좀 더 자세히 조사해보자）,,
,（피해자가 함을 가지고,,
,있었다는 증거를 찾아야 해!）,,
,（특별히 신경 쓰이는 것은 없군。,,
,다른 곳을 조사하자）,,
,（이、이 혈흔의 형태는‥‥,,
,누군가의 손자국이잖아!）,,
,（이건、혹시‥‥）,,
,,,
,（뚜껑이 꽤 단단히,,
,닫혀 있네）,,
,（으응! 으그그그극!,,
,은는느! 하아하아하아‥‥）,,
,（‥‥열려고 해도,,
,꼼짝도 하지 않네）,,
,,,
,재판장님!,,
,여길 봐주십시오!,,
,여기에 혈흔에 의한,,
,손자국이 남아 있습니다!,,
,어디 어디‥‥,,
,화、확실히 남아 있습니다!,,
,（좋아! 이거라면!）,,
,이건 함을 품고 있던 피해자의,,
,손자국이 아닐까요?,,
,뭐、뭐라고요!,,
,피해자는 얻어맞은 순간에도,,
,소중한 함을 놓지 않았겠지요。,,
,모처럼 위험을 무릅쓰고,,
,손에 넣은 보물이니까요。,,
,그리고、그의 머리에서 튄 피가,,
,손 위에 떨어진 것이죠。,,
,재판장님。기다려주십시오!,,
,속아서는 안 됩니다。,,
,무、무슨 소리입니까?,,
,크크크。손자국이 피해자의 것,,
,이라는 증거는 있는 건지요?,,
,증거‥‥입니까?,,
,（그런 게 있을까‥‥?）,,
,고르십시오。증거를 제시할지、,,
,혀를 뽑힐지‥‥어떤 게 좋을지。,,
,스스로 깨물어 끊은 혀를,,
,제출해주셔도 괜찮습니다만。,,
,（으아。,,
,그건 최악인데‥‥）,,
,변호인。이 손자국이 피해자의,,
,것이라는 증거는 있습니까?,,
,（어쩌지‥‥?,,
,어딘가에 증거가‥‥）,,
,그러면‥‥,,
,제시해주십시오。,,
,함에 남은 손자국이 피해자의,,
,것임을 보여주는 증거품은?,,
,이 증거품을 봐주십시오!,,
,크크크。그 증거와 피고인의,,
,손자국에 대체 어떠한 관계가?,,
,‥‥없을 수도 있고、,,
,있을 수도 있습니다。,,
,‥‥‥‥‥‥‥‥‥‥,,
,담당관。,,
,가위를 준비해주세요!,,
,기、기다려주세요!,,
,정정하겠습니다!,,
,‥‥어쩔 수 없군요。,,
,하지만、가위의 준비만은,,
,꼭 해둬야겠습니다。,,
,（으으‥‥뭐라도,,
,증거를 제시해야 해‥‥）,,
,,,
,거기까지!,,
,본 법정은 이 이상 심리의,,
,필요성을 인정하지 않습니다。,,
,변호인의 반증은 검찰 측 주장을,,
,뒤집을 힘이 없습니다。,,
,변호인은 쿠라인 법률에 의거、,,
,《변호죄》가 적용됩니다。,,
,그러면‥‥,,
,피고인、보쿠토 츠아니 및,,
,변호인、나루호도 류이치에게‥‥,,
,판결을 선고합니다。,,
,,,
,（찾았다‥‥,,
,나의 혀를 지켜줄 증거!）,,
,아우치 검사。이건、,,
,약삭빠른 혀 놀림이 아닙니다。,,
,왜냐하면、당신이 좋아하는,,
,증거가 있으니까요!,,
,뭐라곳!,,
,그건、,,
,이 현장 사진에 찍혀 있습니다。,,
,어디입니까?,,
,변호인! 알려주십시오!,,
,,,
,비보의 함에 묻은 손자국이,,
,피해자의 것이라는 증거는‥‥,,
,,,
,아우치 검사! 사진의,,
,이 부분을 잘 봐주십시오!,,
,제게는 그곳에 중요한 것이,,
,찍혀 있어 보이지는 않는데요?,,
,잘 보세요! 여기입니다!,,
,자세히 보면 서서히 보일‥‥,,
,‥‥것 같진 않는군요。,,
,그、그 선글라스,,
,탓이 아닐까요?,,
,무슨! 저의 승부 선글라스를,,
,바보 취급하겠다는 건가요!,,
,자신의 실패를 얼버무리려고,,
,타인을 바보 취급하다니‥‥,,
,깨끗이 포기할 줄 모르는,,
,변호인에게 벌을 내립니다!,,
,꺄아!,,
,（으으‥‥한 번 더 찾아보자。,,
,이번엔 헛짚지 않도록‥‥）,,
,,,
,거기까지!,,
,본 법정은 이 이상 심리의,,
,필요성을 인정하지 않습니다。,,
,변호인의 반증은 검찰 측 주장을,,
,뒤집을 힘이 없습니다。,,
,변호인은 쿠라인 법률에 의거、,,
,《변호죄》가 적용됩니다。,,
,그러면‥‥,,
,피고인、보쿠토 츠아니 및,,
,변호인、나루호도 류이치에게‥‥,,
,판결을 선고합니다。,,
,,,
,아우치 검사。,,
,피해자의 손을 잘 봐주십시오。,,
,알아차리셨습니까?,,
,혈흔이 묻어 있습니다。,,
,뭣이라‥‥?,,
,손자국과 손의 혈흔을 조합하면,,
,같은 손이란 걸 알 수 있겠죠。,,
,누우우우우우。,,
,손자국과 손이 일치한다면‥‥,,
,그렇습니다! 손짜구꽈 손이‥‥,,
,（혀가 꼬여버렸네）,,
,‥‥손자국과 손이 일치한다면,,
,그것으로 증명됩니다!,,
,그렇다면‥‥정말로 피해자가,,
,함을 갖고 있었단 말입니까!,,
,네。,,
,틀림없습니다。,,
,피해자야말로、비보의 함을,,
,훔친 도둑이었던 것입니다!,,
,마마마、말도 안 돼애!,,
,이럴 수가、손자국과‥‥손이,,
,일치할 리가 없어!,,
,손짜구꽈 소‥‥아얏!,,
,꺄아아아아아아앗!,,
,（아무래도、,,
,혀가 꼬여 깨문 모양이군）,,
,아우치 검사。혹시、타고난,,
,혀 놀림 덕분에 혀가 꼬였나요?,,
,저 대신 그 혀를 잘라,,
,제출하시는 게 어떨까요?,,
,으그그그그그그그그극。,,
,이 녀서어어어어어어어어억!,,
,‥‥어떻게 된 일이죠。,,
,입에서 나오는 대로 말해본,,
,허세가 아니었던 겁니까?,,
,네。,,
,제 혀는 거짓말 따윈 안 합니다。,,
,앞으로도 저는 이 혀로,,
,말을 할 겁니다。,,
,（허세였다는 건,,
,말하지 말자‥‥）,,
,이、이럴 수가‥‥!,,
,미마 씨가!,,
,믿을 수 없어‥‥!,,
,슬픈 일이지만‥‥,,
,분명 어떻게 해서라도、돈이,,
,필요했을 거야。,,
,미마 씨는 가족을 먹여 살리기,,
,위해 승려의 꿈도 접었으니까。,,
,앗! 미마 씨가!,,
,저한테 말했던 건‥‥,,
,「보쿠토、너는 열심히,,
,수행해서 꼭 승려가 되렴」,,
,「나처럼은 되지 마라」,,
,‥‥라고。,,
,그래‥‥도둑이 되지 말라는 걸,,
,포함해서 말한 걸지도 몰라。,,
,으으‥‥,,
,미마 씨‥‥,,
,기、기다려주십시오!,,
,피해자가 도둑이고、,,
,함을 가지고 있었다고 하면‥‥,,
,범행 순간、흉기를 피해자가,,
,가지고 있었던 게 됩니다!,,
,화、확실히 말씀대로군요。,,
,매우 이상하군요!,,
,비보의 함이,,
,흉기로 쓰이지 않았다면‥‥,,
,진짜 흉기가 따로 있었던,,
,것은 아닐까요。,,
,진짜‥‥?,,
,흉기‥‥라고요?,,
,함의 혈흔은 흉기로 쓰였을 때,,
,묻은 것이라고 생각했습니다。,,
,하지만、그것은 틀렸던 겁니다。,,
,함을 가지고 있던 피해자가,,
,진짜 흉기로 얻어맞았을 때‥‥,,
,튄 피가 함에 묻은,,
,것이라고 생각됩니다!,,
,틀렸습니까?,,
,포트디노 씨!,,
,‥‥‥‥‥‥‥‥‥‥,,
,,,
,그 진짜 흉기를 쓴 게,,
,이 몸이라는 건가?,,
,그렇습니다!,,
,핫하하하하하하!,,
,번쩍하고 느낌이 왔어!,,
,또 한 곡이 떠오르는구만!,,
,있지도 않은 흉기를 찾고 있는,,
,어리석은 로이어― 웃기지도 않아,,
,보여달라구 네놈의 진심을,,
,못 보여주면 네놈도 끝장이야,,
,존재치 않는 흉기에 죽을,,
,어리석은 로이어― 오브 더 이어!,,
,예에에에에에이!,,
,변호인。,,
,잊지는 않으셨겠죠。,,
,이 재판에는、당신의,,
,목숨이 달려 있다는 사실을。,,
,네。물론입니다。,,
,본적도 없는“진짜 흉기”‥‥,,
,에 목숨을 걸겠다는 겁니까?,,
,데에에에에에에스! 투우우우!,,
,더어어어! 로이어어어어어어!,,
,（큭! 여기가 가장 중요해）,,
,（여기까지 와서,,
,물러날 순 없어!）,,
,네。“진짜 흉기”는‥‥,,
,반드시 존재합니다!,,
,잘 말씀하셨습니다。,,
,그렇다면 보여주시죠。,,
,당신이 생각하는,,
,“진짜 흉기”를‥‥증거품으로!,,
,바라는 바입니다!,,
,（뭐가 없을까?）,,
,（포트디노가 가지고 있고、,,
,둔기로 쓸 수 있는 게‥‥）,,
,그럼、,,
,제시해주실까요。,,
,헤헤헤헤。보여줄 수 있다면,,
,꺼내 보라고!,,
,,,
,이 몸이 사용한 진짜 흉기를,,
,보여주는 증거품이란 걸 말이야!,,
,이 증거품이라는 건가?,,
,저에겐 흉기와 관계가,,
,있다고 생각되지 않습니다만‥‥。,,
,저는 있다고 생각합니다!,,
,‥‥확실히、있다고 생각할지는,,
,개인차가 있겠습니다만。,,
,크크크크。거짓말쟁이 변호사는,,
,혼란스러운 것 같군요。,,
,혀가 꼬여 스스로 무엇을 말하고,,
,있는지 모르는 게 아닐까요?,,
,（아뿔싸! 생각을 정하기 전에,,
,제시한 게 걸렸나‥‥）,,
,혀가 꼬인 채 말을 못 하는 게,,
,좋을지도 모릅니다!,,
,（으으‥‥‥‥）,,
,이번에는 잘할 겁니다!,,
,다시 한번 제시하겠습니다!,,
,또 실패하면 곤란합니다。,,
,제대로 제시하시길 바랍니다!,,
,헤헤헤헤。보여줄 수 있다면,,
,꺼내 보라고!,,
,,,
,거기까지!,,
,본 법정은 이 이상 심리의,,
,필요성을 인정하지 않습니다。,,
,변호인의 반증은 검찰 측 주장을,,
,뒤집을 힘이 없습니다。,,
,변호인은 쿠라인 법률에 의거、,,
,《변호죄》가 적용됩니다。,,
,그러면‥‥,,
,피고인、보쿠토 츠아니 및,,
,변호인、나루호도 류이치에게‥‥,,
,판결을 선고합니다。,,
,,,
,（내가 지적하려는 것은,,
,가능성에 불과할지도 몰라）,,
,（하지만、지금은,,
,지푸라기라도 잡는 수밖에!）,,
,이 사진을 봐주십시오。,,
,오전의 봉납무의 모습입니다。,,
,그 사진이,,
,도대체 어쨌다는 겁니까?,,
,,,
,이 사진에는,,
,이상한 점이 있습니다。,,
,‥‥‥‥‥‥‥‥호오。,,
,이상한 점이라。,,
,이상한 것은、,,
,사진의 이 부분입니다!,,
,,,
,그 부분의,,
,어디가 이상한 겁니까?,,
,이상하지 않을까요?,,
,아니요。전혀요。,,
,‥‥크레이지한 건,,
,변호인의 머리 쪽 같군!,,
,으으으‥‥。,,
,（틀렸나‥‥）,,
,（하지만! 여기서,,
,포기할 수는 없어!）,,
,지금 것은 착각했지만、역시,,
,이상한 점은 있습니다!,,
,,,
,거기까지!,,
,본 법정은 이 이상 심리의,,
,필요성을 인정하지 않습니다。,,
,변호인의 반증은 검찰 측 주장을,,
,뒤집을 힘이 없습니다。,,
,변호인은 쿠라인 법률에 의거、,,
,《변호죄》가 적용됩니다。,,
,그러면‥‥,,
,피고인、보쿠토 츠아니 및,,
,변호인、나루호도 류이치에게‥‥,,
,판결을 선고합니다。,,
,,,
,포트디노 씨。,,
,어째서 오전 연무 때와,,
,가지고 있는 악기가 다릅니까?,,
,‥‥‥‥‥‥‥‥‥‥,,
,아! 확실히,,
,모양이 완전히 다르군요。,,
,말씀하셨지요。,,
,이 녀석은 유일한 파트너라고。,,
,선생님、어째서지요?,,
,‥‥헤헤헤。,,
,왜 그럴까‥‥,,
,그 대답은、,,
,제가 가르쳐 드리죠。,,
,오전에 사용했던 악기는 쓸 수,,
,없게 돼서 아닙니까?,,
,피해자를 살해한,,
,흉기로 써서 말이죠!,,
,‥‥‥‥‥‥‥‥‥‥,,
,히히히히히히!,,
,평소에 쓰던 파트너의 상태가 나빠,,
,대신 가져온 것뿐이다!,,
,잘못 짚었어、맨!,,
,그럼、그 평소에 쓰던 파트너를,,
,법정에 제출해주십시오!,,
,미안。이미 어제,,
,처분해버렸어。,,
,앗!,,
,지금은 타는 쓰레기와 함께,,
,번 다운!,,
,재가 됐을 거야。히히!,,
,뭐라고오오오오오오오오오오오오!,,
,（큭。이미 증거인멸을,,
,끝냈다는 건가‥‥）,,
,네놈도,,
,지옥의 업화에서 태워주마!,,
,《트래쉬 로이어～》!,,
,히～히히히히히히히히!,,
,으으으윽。,,
,（이래선 증명할 수 없어‥‥!）,,
,응? 어이 어이。,,
,비명이 잘 안 들리는데?,,
,더 크게 울어주지 않을래?,,
,（큭‥‥제‥‥,,
,젠자아아아아아아아아아앙!）,,
,‥‥거기까지 군요。,,
,변호인。유감이지만、,,
,증거를 제시할 수 없나 보군요。,,
,즈、증거가 없는 것은,,
,증인이 인멸해서‥‥!,,
,“법정에서는 증거가 전부”‥‥。,,
,설마 재판의 원칙을,,
,잊은 겁니까?,,
,증거품으로 증명할 수 없는,,
,이상‥‥,,
,포트디노 선생님이 범인이라는,,
,당신의 주장은 추측일 뿐。,,
,우으으으으으으으으으으으윽!,,
,크크크크크。꼴 보기 좋군요。,,
,그리고、하나 더‥‥,,
,당신이 잊고 있던 걸,,
,가르쳐 드리죠。,,
,내가 잊고 있던 것?,,
,당신은 포트디노 씨를,,
,도둑이라고 고발했습니다。,,
,하지만、진짜 도둑은,,
,피해자였습니다‥‥。,,
,아。,,
,그 시점에서 증인이 피해자를,,
,살해할 동기가 없는 겁니다!,,
,갸아아아아아아아아아아아아악!,,
,그레이트! 좋은 걸,,
,눈치챘구만。검사 양반。,,
,이 몸은 단지 미마를 잡아서,,
,비보를 되찾기만 하면 됐어。,,
,죽일 필요 따윈 낫싱。,,
,알겠나～?,,
,윽‥‥,,
,（분명 그렇다‥‥）,,
,흐음。,,
,당치도 않은 누명이었군요‥‥。,,
,유감이지만‥‥,,
,슬슬 판결을 내리겠습니다。,,
,（아、안 돼‥‥!）,,
,물론、당신이 받게 될 벌은,,
,알고 있겠지요?,,
,사형! 사형! 사형! 사형!,,
,（으으으으으。,,
,어、어쩌면 좋지‥‥!）,,
,（흉기의 증거는 사라졌고、,,
,동기도 사라졌다‥‥）,,
,（이대로 보쿠토는 유죄가 되고,,
,내 목숨도 사라지는 건가?）,,
,크크크‥‥。당신은 이 법정을,,
,쓸데없이 더럽혔습니다‥‥,,
,《변호죄》와 동시에《불경죄》도,,
,적용할 필요가 있겠군요。,,
,‥‥‥‥당연하지。,,
,이 몸에게 한 모욕적인 행동。,,
,그 대가를 받아야겠어。,,
,지옥에서 후회해라。,,
,（이 녀석이‥‥포트디노가,,
,죽인 게 틀림없어）,,
,（뭔가 죽여야만 했던,,
,이유가 있을 텐데‥‥）,,
,네 녀석들!,,
,노래해라! 소리 질러!,,
,변호사 놈의 최후다!,,
,죽여라! 죽여라!,,
,죽여라! 죽여라!,,
,,,
,（이럴 때야말로、,,
,발상을 역전시키는 거야‥‥）,,
,（포트디노의 동기를,,
,생각할 게 아니라）,,
,（포트디노의 동기가 생겨날,,
,상황을 생각해보면‥‥）,,
,「네가 훔친 거냐?」,,
,‥‥라고。,,
,（피해자는 비보를 노리는,,
,도둑이었다‥‥）,,
,（피해자는 자신이 비보의 함을,,
,갖고 있었을 텐데‥‥）,,
,（왜 피해자는,,
,그런 말을 했을까?）,,
,（비보의 함이 어떻게 돼 있었기에,,
,그런 말을 했던 거지?）,,
,‥‥‥‥아。,,
,아아아아아아아아아아아아아아앗!,,
,무、무슨 일입니까、변호인!,,
,그런가‥‥,,
,그렇게 됐던 거였어!,,
,이봐 이봐 이봐。,,
,포루쿤카구만 이거。이봐。,,
,갑자기 소리나 치고 말이야!,,
,역시、위험한 놈이네。변호사란 건。,,
,재판장님!,,
,그 판결、,,
,조금만 기다려주십시오!,,
,설마‥‥여기까지 와서,,
,목숨을 구걸하려는 겁니까?,,
,아닙니다!,,
,눈치챘습니다‥‥。,,
,우리는 큰 착각을,,
,하고 있었던 겁니다。,,
,착각?,,
,네。,,
,비보의 함에 대한,,
,큰 착각입니다。,,
,（하지만、이게 정말일까?,,
,그렇다면 큰 문제인데‥‥）,,
,‥‥‥‥‥‥‥‥‥‥‥,,
,알겠습니다。이야기를 들어보죠。,,
,감사합니다!,,
,재판장님! 무의미합니다!,,
,시간 끌기일 뿐입니다。,,
,이것이‥‥정말 마지막입니다。,,
,무의미한 주장일 경우에는‥‥,,
,즉시 판결을 내리겠습니다。,,
,알겠습니다‥‥。,,
,큭‥‥。그저 단순한,,
,허세일 뿐일 텐데!,,
,변호인。가르쳐주십시오!,,
,그 착각이란 무엇입니까?,,
,,,
,저희가 착각했던 것。,,
,비보의 함은‥‥！,,
,,,
,비보의 함은、열리지 않았다,,
,라는 것이 아닐까요?,,
,무、무슨 소리입니까?,,
,비보의 함의 자물쇠가 억지로,,
,열렸다‥‥라고 생각했습니다。,,
,그러나、중요한 비보가 든 함이,,
,쉽게 열릴 것 같진 않습니다。,,
,그렇다면‥‥어떻게,,
,비보는 없어진 겁니까?,,
,실제로、,,
,비보는 없어진 상태입니다。,,
,화、확실히、그렇군요‥‥。,,
,어떻게 된 것일까요?,,
,변호인‥‥。적당히 대답하는 거라면,,
,죽음을 각오해야 합니다。,,
,으으‥‥,,
,저、정정할 기회를 주십시오!,,
,저희가 착각하고 있었던,,
,것은 이것입니다!,,
,,,
,비보의 함은、이미,,
,없어졌던 게 아닐까요?,,
,네에?,,
,그럼、시신 근처에 떨어져 있던,,
,비보의 함은 어떻게 된 거죠?,,
,그것은、,,
,똑같이 생긴 가짜입니다!,,
,뭐라고요오오오오오오오오오오오오,,
,오오오오오오오오오오오오오오오!,,
,유감이지만‥‥,,
,저 함은 확실히 진품입니다。,,
,제대로 전문가에게 맡겨서,,
,감정을 받아왔습니다。,,
,어라!,,
,어라! ‥‥가 아닙니다!,,
,놀라서 숨이 멎을 뻔했습니다。,,
,줄어든 저의 수명만큼,,
,벌을 내립니다!,,
,갸악!,,
,（내 수명도 줄었군‥‥）,,
,（그래도‥‥여기서,,
,쓰러질 수는 없어!）,,
,재판장님!,,
,정정할 기회를 주십시오!,,
,,,
,거기까지!,,
,본 법정은 이 이상 심리의,,
,필요성을 인정하지 않습니다。,,
,변호인의 반증은 검찰 측 주장을,,
,뒤집을 힘이 없습니다。,,
,변호인은 쿠라인 법률에 의거、,,
,《변호죄》가 적용됩니다。,,
,그러면‥‥,,
,피고인、보쿠토 츠아니 및,,
,변호인、나루호도 류이치에게‥‥,,
,판결을 선고합니다。,,
,,,
,만약、비보의 함이 이전부터,,
,비어있었다면?,,
,응?,,
,응?,,
,‥‥‥‥‥‥‥‥,,
,생각해보십시오。,,
,대계단에서 마주쳤을 때、,,
,피해자가 피고인에게 한 말을。,,
,「네가 훔친 거냐?」,,
,‥‥라고。,,
,이때、비보의 함은,,
,피해자의 손에 있었습니다。,,
,그런데도、어째서 피해자는,,
,그런 말을 했을까요?,,
,화、확실히 이상하군요。,,
,답은 하나밖에 없습니다。,,
,피해자가 보물창고에 갔을 때‥‥,,
,함 속은 이미 비었던 거죠。,,
,뭐뭐뭐뭐뭐뭐、뭐라구욧!,,
,그러니까、피해자는 마주친 피고인을,,
,도둑이라고 의심한 겁니다‥‥。,,
,즉、이때 피해자는,,
,텅 빈 함을 갖고 있던 겁니다。,,
,하지만、어떻게 안이 비었다는,,
,것을 알 수 있는 겁니까!,,
,피해자는,,
,함을 열 수 없었을 텐데요!,,
,피해자는 해마다《비보》를,,
,왕궁으로 옮기는 일을 했습니다。,,
,하지만、최근엔《비보의 함》의,,
,경비를 맡아서 자랑스러워했어요。,,
,정월 의식 때 비보를 왕궁으로,,
,옮기는 중요한 일도 했다면서。,,
,그러니까、들어 올렸을 때의,,
,무게로 알 수 있었던 겁니다!,,
,과연! 확실히、미마 씨라면,,
,가능한 일입니다!,,
,미마 씨는 어쩔 수 없이,,
,함만이라도 훔치려 했겠죠。,,
,함 자체로도、역사적 유물로서의,,
,가치는 있으니까요。,,
,으으으으윽‥‥。하지만!,,
,그、그게 어쨌다는 겁니까。,,
,포트디노 씨와,,
,무슨 관계가‥‥。,,
,생겨나는 겁니다。,,
,포트디노 씨가 피해자를,,
,살해할 동기가‥‥말이죠。,,
,!,,
,뭐라고!,,
,포트디노 씨。당신은、,,
,비보를 지키는 게 일이었습니다。,,
,하지만、만약 비보가 이미,,
,존재하지 않는다고 한다면‥‥,,
,당신의《불찰》,,
,이라는 게 되겠지요?,,
,‥‥‥‥‥‥‥‥‥‥,,
,피해자는 비보가 이미 없다는,,
,사실을 알아버렸습니다。,,
,그렇기에‥‥,,
,입막음으로 살해당한 겁니다!,,
,그런 말도 안 되는 일이이이이이이!,,
,햐아?햐햐햐!,,
,우햐아?핫핫핫!,,
,어처구니없는 소리를,,
,하고 있군!,,
,최고의 조크、,,
,다?????앗!,,
,그렇다면、비보는 어디로,,
,가버린 겁니까!,,
,이미 예전에 도난당했을 겁니다。,,
,포트디노 씨。,,
,당신의 손에 말이죠!,,
,‥‥‥‥‥‥‥‥‥‥,,
,변호인! 당신은 그를 또,,
,도둑이라 말하는 겁니까!,,
,재판장님。변호인의 주장은,,
,트집에 지나지 않습니다!,,
,비보의 함은 포트디노 씨의,,
,열쇠로밖에 열리지 않을 터。,,
,달리 누가,,
,훔쳐낼 수 있다고 하는 거죠?,,
,그러니까、피고인이 자물쇠를,,
,억지로 열고 훔친 것이라구요!,,
,재판장님!,,
,조속히 판결해주십시오!,,
,‥‥‥‥‥‥‥‥‥‥,,
,판결은‥‥아직입니다。,,
,뭐라고요오오오오옷!,,
,저는 변호인이 새로운 가능성을,,
,제시했다고 생각합니다。,,
,（휴! 어떻게든,,
,목날라가는 건 면했네‥‥!）,,
,포트디노 선생님‥‥,,
,변호인의 주장에 대해서,,
,어떻게 생각하십니까?,,
,‥‥‥‥‥‥‥‥‥‥,,
,우오오오오오오오오오오오오오오오,,
,오오오오오오오오오오오오오오옷!,,
,위험해‥‥뇌가、분노 탓에,,
,익어버릴 뻔했다구。,,
,선생님‥‥!,,
,지、진정해주세요!,,
,그래도 말이야。,,
,용서 못 해‥‥용서 못 한다고。,,
,이 몸은 긍지를 가지고,,
,비보를 지켜왔다고?,,
,그런데,,
,이 몸이 비보를 훔쳤다?,,
,이 거짓말쟁이,,
,변호사 자시이이이이이이익!,,
,（무、무서워!）,,
,변론하도록 하지!,,
,잘 들어라! 이 몸의 외침을!,,
,데에에에스! 투우우! 더어어!,,
,라이어어어어! 로이어어어어어!,,
,,,
,～라이어?로이어～,,
,이 몸이 훔쳤다는 보옥?,,
,그것은 용서 못 할 모욕,,
,이 몸이 지켜오던 보옥,,
,그것은 시조님을 향한 기도,,
,강제로 열려버린 거야,,
,피고인의 더러운 손으로!,,
,라이어～ 로이어～!,,
,네놈이 갈 곳은 더러운 감옥!,,
,양측 주장은 잘 알겠습니다。,,
,비보의 함은 증인의 주장대로,,
,“피고인이 강제로 열었다”인지‥‥,,
,아니면、,,
,변호인이 주장하는 대로‥‥,,
,“포트디노 선생님이,,
,열었다”인지‥‥,,
,변호인‥‥。,,
,이게、당신에게 허용되는,,
,마지막 심문입니다。,,
,네‥‥。,,
,심문 결과、당신의 주장이,,
,증명되지 않는다면‥‥,,
,《변호죄》에 의해、피고인의 목숨도,,
,당신의 목숨도 사라질 겁니다。,,
,알고 있습니다。,,
,（목숨을 건 심문‥‥인가）,,
,‥‥나루호도 씨。,,
,보쿠토‥‥。,,
,괜찮아。,,
,넌 내가 지킬 거야。,,
,네。나루호도 씨를 믿겠습니다。,,
,부탁합니다‥‥이겨주세요!,,
,이겨서‥‥같이 가요!,,
,마요이 님한테!,,
,그래。물론이야!,,
,（절대로‥‥,,
,질 수 없어!）,,
,（포트디노밖에 비보를 훔칠 수,,
,없다는 걸 증명하는 거야‥‥!）,,
,덤벼라。,,
,거짓말쟁이 변호사 놈‥‥。,,
,이게 네놈의 진혼곡‥‥,,
,죽음으로 가는 라스트 곡이다!,,
,～라이어?로이어～,,
,이 몸이 훔쳤다는 보옥?,,
,그것은 용서 못 할 모욕,,
,,,
,이 몸이 지켜오던 보옥,,
,그것은 시조님을 향한 기도,,
,,,
,강제로 열려버린 거야,,
,피고인의 더러운 손으로!,,
,,,
,라이어～ 로이어～!,,
,네놈이 갈 곳은 더러운 감옥!,,
,,,
,자물쇠를 여는 진실한 방법?,,
,그저 헛소리인 네 녀석의 망상,,
,,,
,영혼의 열쇠를 쓰지 않고 해제,,
,그것은 역사에 대한 모욕,,
,,,
,먼 옛날 7세기、새겨진 디자인,,
,쿠라인 나비가 운반해 오는 영혼,,
,（이것이、최후의 싸움‥‥。,,
,하지만、신기하네‥‥）,,
,（목숨이 걸려 있는데도,,
,마음이 너무 침착하다）,,
,（그래。나는 변호사로서、내가,,
,할 수 있는 일을 하면 돼）,,
,（언제나 그렇듯、의뢰인을‥‥,,
,보쿠토의 무죄를 믿으며!）,,
,,,
,（큭!,,
,모순이 보이질 않아!）,,
,（아니‥‥포기하지 말자。,,
,마지막까지 물고 늘어지는 거야）,,
,（모순이 없다면 몇 번이라도,,
,추궁하면 돼）,,
,（포기하지 않는다면 반드시,,
,어딘가에 돌파구가 있을 거야!）,,
,,,
,（뭐지‥‥。조금 전 위화감은。,,
,증언에 이상한 점이 있었나）,,
,（어떤 작은 허점도,,
,놓쳐서는 안 돼‥‥）,,
,（진실은 항상 아주 작은,,
,틈에서부터 보이니까）,,
,（증거품으로 헤쳐나가는 거야。,,
,진실을 향한 길을!）,,
,,,
,이방의 변호사여。,,
,안색이 안 좋군요。,,
,（심문의 실마리를,,
,찾을 수 없으니까‥‥）,,
,안색이 정장의 색깔과,,
,거의 같아지고 있네요。,,
,정말이지。,,
,외국인은 재주가 좋군요。,,
,（그쪽이 그런 말을 하면,,
,안 되지‥‥）,,
,（하지만、안색으로,,
,곤란한 걸 들켜선 안 돼）,,
,（좋아! 이럴 때는,,
,일단 증언을 추궁해보자）,,
,,,
,（큭! 이럴 때 파트너에게,,
,《상담하기》를 하고 싶은데‥‥）,,
,크큭。힘들어하는 것 같군요。,,
,부하 없이는 아무것도 못 합니까?,,
,혼자서는 변호할 수 없다니、,,
,오히려 짐만 되는 상사로군요。,,
,（무슨 소릴! 부하들이 그런 식,,
,으로 생각할 리가 없어!）,,
,（기합 넣고 가 보자!,,
,나루호도 류이치!）,,
,（지금까지의 정보를 종합하면‥‥,,
,수상한 건 바로 이 증언이야!）,,
,‥‥‥‥‥‥‥‥,,
,제가 보기엔、이 증거품은,,
,문제가 없어 보입니다만‥‥。,,
,（이런!,,
,틀린 건가‥‥）,,
,역시 변호사의 말장난입니까‥‥。,,
,용서할 수 없군요。,,
,시조님의 이름으로,,
,벌을 주겠습니다。,,
,‥‥‥‥큭!,,
,,,
,증인의 발언은 이 증거품과,,
,분명히 모순되고 있습니다!,,
,그것이、당신의 목숨을,,
,걸고 하는 지적인가요‥‥。,,
,도대체 그 어디에 모순이,,
,있다고 하는 것입니까?,,
,‥‥‥‥‥‥,,
,（으。위험해‥‥）,,
,죄송합니다。,,
,다시 해도 될까요?,,
,물론 상관없습니다만‥‥,,
,당신의 수명은 줄어들 것 같군요。,,
,벌을 주겠습니다!,,
,（우으으으‥‥）,,
,,,
,증인의 발언에는、,,
,이상한 부분이 있습니다。,,
,근거는、이 증거품입니다!,,
,‥‥‥‥‥아무래도、,,
,이상이 있는 건‥‥,,
,변호인의 이의 쪽인 것 같군요。,,
,잘못을 뉘우치도록 하세요!,,
,（실패한 건가‥‥!）,,
,,,
,사건 전부터 보옥이 없었다고,,
,생각하면 앞뒤가 맞습니다。,,
,켁!,,
,이야기가 안 통하는군。,,
,이 몸이 훔쳤다는,,
,증거는 없잖아? 맨!,,
,（확실히、증거는 아직 없어。,,
,그래도、반드시 찾아낼 거야）,,
,,,
,기도입니까‥‥。,,
,저에겐 당신의 신앙심이,,
,진짜라고는 생각할 수 없네요。,,
,네놈‥‥몇 번이나 이 몸을,,
,모욕해야 마음에 차겠냐?,,
,모욕할 생각은 없습니다。,,
,하지만、추리에 변함도 없습니다。,,
,당신은 비보를 훔치기 위해,,
,사원에 들어온 것 아닙니까?,,
,네놈 용서 못 해애애애애!,,
,절대로 말이야!,,
,당신 외에 비보의 함을,,
,열 수 있는 사람은 없습니다!,,
,네 녀석은 계속해서 거짓 주장,,
,이 몸도 부르겠다、진실의 포효,,
,,,
,피고인이,,
,강제로 열다니 거짓말입니다。,,
,사실은 당신이,,
,열었잖습니까!,,
,어이 어이。,,
,네놈도 아까 봤잖아。,,
,함의 자물쇠가 강제로 열려서,,
,망가져 버린 걸 말이야。,,
,앗。,,
,그거야말로、강제로 열렸다는,,
,증거가 아닌가?,,
,으。,,
,（확실히‥‥）,,
,피고인이 강제로 열지 않았다고,,
,한다면‥‥,,
,자물쇠가 열리지 않았던 걸,,
,어떻게 설명할 거지?,,
,,,
,（자물쇠가 열리지 않았던 걸、,,
,어떻게 설명할 방법은 없을까？）,,
,,,
,（자물쇠가 열리지 않았던 걸、,,
,어떻게 설명할 방법은 없을까？）,,
,,,
,열쇠가 달라서 그런 건,,
,아닐까요?,,
,열쇠가?,,
,다르다?,,
,조금 전、포트디노 씨의 열쇠로는,,
,함이 열리지 않았습니다。,,
,즉、다른 진짜 열쇠가,,
,있는 것은 아닐까요!,,
,햐핫핫핫핫하!,,
,그런 게 있을 리가 없잖아!,,
,아니라는 증거는 없잖습니까!,,
,잠깐、쿨 다운하고,,
,생각해봐라! 변호사 놈!,,
,이 몸이 일부러 가짜 열쇠를,,
,가져올 이유 따윈 없잖아?,,
,이유입니까? 그것은‥‥,,
,그。저기。어。그。,,
,‥‥화、확실히 그렇군요。,,
,저런。또다시,,
,입에서 놀린 막말이었군요。,,
,（으으‥‥。,,
,틀린 건가‥‥‥‥）,,
,증인。,,
,계속 증언을 부탁드립니다。,,
,,,
,여、여는 방법이,,
,다른 겁니다!,,
,응? 뭐라는 거야?,,
,중요한 내용물을 도난당하지,,
,않도록 고안된 비밀장치입니다。,,
,당신밖에 모르는 진짜,,
,여는 방법이 있는 거 아닙니까?,,
,그런 게 있을 리가 없잖아?,,
,너‥‥영화를 너무 많이 봤어。,,
,종종 있습니다。,,
,이 나라에 그런 신비한 환상을,,
,찾으러 오는 관광객들이。,,
,변호인。여긴 판타지,,
,세계가 아닙니다。,,
,（큭‥‥）,,
,（확실히、아무 근거도,,
,없긴 하지‥‥）,,
,이런、가사가 마침 또,,
,떠올랐다。,,
,네놈의 어리석음을,,
,노래해주지!,,
,자물쇠를 여는 진실한 방법?,,
,그저 헛소리인 네 녀석의 망상,,
,흐음。새로운 선율‥‥증언에도,,
,추가하겠습니다。,,
,,,
,저는 체포되지 않습니다。,,
,감옥에 가는 것은 당신입니다!,,
,그건 어떨까‥‥?,,
,어이、네 녀석들!,,
,어떻게 생각해?,,
,이 녀석이 모욕하는 것은,,
,이 몸뿐만이 아니야。,,
,쿠라인교를‥‥쿠라인 국민을,,
,전원을 모욕하고 있는 거야!,,
,용서할 수 없잖아?,,
,크크크크크크크큭!,,
,맞습니다! 이 나라에,,
,변호사는 필요 없습니다!,,
,섬멸해라! 섬멸해라!,,
,（방청인이,,
,선동되고 있어‥‥）,,
,네놈이 도착할 곳은,,
,더러운 감옥뿐이야。,,
,이제 와서 시조님께 사과해도,,
,용서는 허용되지 않아‥‥,,
,이 법정의 변호사가 된 것을,,
,사형대에서 후회해라!,,
,마、망상인지,,
,아닐지는 아직 모릅니다。,,
,근거도 없는 정신 나간 상상,,
,그것을 세간에선 망상이라 하지,,
,어차피、변호인은,,
,망상에 사로잡힌 죄인‥‥,,
,죄인에게 어떤 벌을 내릴지‥‥,,
,흥분되는군。,,
,저는 죄인이 될 생각은,,
,없습니다。,,
,비보의 함에 아직 비밀이,,
,숨겨져 있을 가능성이‥‥,,
,헤에。어디에 그런 비밀이,,
,숨겨져 있다는 거야?,,
,,,
,비밀이 숨겨져 있는 곳은、,,
,물론‥‥,,
,,,
,비보의 함 쪽입니다!,,
,헤에? 이 함의 어디에,,
,비밀이 숨겨져 있다는 거지?,,
,음‥‥그건‥‥,,
,（거기까진 생각 못 했다）,,
,하、함의 무늬가,,
,이상한 게 아닐까요!,,
,,,
,음‥‥그건‥‥,,
,（거기까진 생각 못 했다）,,
,하、함의 무늬가,,
,이상한 게 아닐까요！,,
,,,
,흐음。왠지 자포자기한,,
,말투로 들리는군요‥‥?,,
,그、그렇지 않습니다!,,
,피고인이 금기를 깨고,,
,보러 갔었던 무늬 말이군요。,,
,증인。이 무늬를,,
,아십니까?,,
,오브코즈!,,
,주지로서 당연하지!,,
,,,
,피고인이 금기를 깨고,,
,보러 갔었던 무늬 말이군요。,,
,증인。이 무늬를,,
,아십니까？,,
,오브코즈！,,
,주지로서 당연하지！,,
,,,
,그려져 있는 것은,,
,영혼을 나르는 쿠라인 나비!,,
,이 디자인은 7세기경에,,
,새겨진 것이야!,,
,그렇군요。그럼,,
,그것을 증언에 추가해주세요。,,
,어쩔 수 없구만‥‥。,,
,잘 들어라! 변호사 놈!,,
,먼 옛날 7세기、새겨진 디자인,,
,쿠라인 나비가 운반해 오는 영혼,,
,이예에에에에에!,,
,,,
,열쇠에 뭔가 숨겨져 있는 게,,
,틀림없습니다!,,
,조사해 봐도 되겠습니까?,,
,히히히히。,,
,포기할 줄 모르는구만。,,
,마음대로 봐라。자。,,
,으음。,,
,‥‥‥‥‥‥‥‥‥‥,,
,（특별히 이상한 부분은 없네）,,
,변호인。,,
,뭔가 찾으셨나요?,,
,아、아무것도‥‥없었습니다。,,
,돌려드리겠습니다。,,
,그～러～니～까～,,
,아무것도 없다고 했잖아。,,
,,,
,변호인。,,
,뭔가 찾으셨나요？,,
,아、아무것도‥‥없었습니다。,,
,돌려드리겠습니다。,,
,그～러～니～까～,,
,아무것도 없다고 했잖아。,,
,,,
,으으으。,,
,죄송합니다‥‥。,,
,말귀를 못 알아듣는군요。,,
,자물쇠는 피고인이 강제로 연 것,,
,이외에는 있을 수 없습니다。,,
,그래! 불경스럽게도 이,,
,《영혼의 열쇠》를 쓰지 않고!,,
,（응? 어라?,,
,방금‥‥）,,
,멍청한 변호사를 위해,,
,몇 번이든 노래해주지!,,
,영혼의 열쇠를 쓰지 않고 해제,,
,그것은 역사에 대한 모욕,,
,이예에에에에에!,,
,심심하면 까먹는 변호사를 위해,,
,증언에 추가하는 것이 어떨까요。,,
,,,
,심심하면 까먹는 변호사를 위해,,
,증언에 추가하는 것이 어떨까요。,,
,,,
,어쩔 수 없구만‥‥。,,
,네놈의 뇌 속에 새겨주지！,,
,,,
,（어쩔까‥‥？,,
,증언의 변경을 요청할까？）,,
,,,
,아니요‥‥。증언을 변경할,,
,필요는 없습니다。,,
,헤에。변호사 놈은、,,
,이 곡이 마음에 든 거야？,,
,좋아。들어라。,,
,네놈의 진혼곡을 말이지！,,
,,,
,변호 측은、증인이 방금 부른 노래,,
,가 중요한 증언이라고 생각합니다。,,
,증언의 변경을 요청합니다。,,
,알겠습니다。,,
,증인、부탁드리겠습니다。,,
,어쩔 수 없구만‥‥。,,
,네놈의 뇌 속에 새겨주지！,,
,,,
,변호 측은、증인이 방금 부른 노래,,
,가 중요한 증언이라고 생각합니다。,,
,증언의 변경을 요청합니다。,,
,알겠습니다。,,
,증인、부탁드리겠습니다。,,
,어쩔 수 없구만‥‥。,,
,네놈의 뇌 속에 새겨주지！,,
,변호 측은、증인이 방금 부른 노래,,
,가 중요한 증언이라고 생각합니다。,,
,증연의 변경을 요청합니다。,,
,알겠습니다。,,
,증인、부탁드리겠습니다。,,
,어쩔 수 없구만‥‥。,,
,네놈의 뇌 속에 새겨주지！,,
,,,
,이 열쇠에 뭔가 비밀이,,
,숨겨져 있는 게 틀림없습니다!,,
,헤에?,,
,이 열쇠에 어떤 비밀이?,,
,（큭‥‥,,
,뭐지 이 여유는‥‥）,,
,음‥‥예를 들면,,
,다른 형태로 변한다던가?,,
,이봐 이봐 이봐 이봐아아아!,,
,굉장한 상상력이구만!,,
,변호사 놈의 망상은,,
,최고로 크리에이티브 하구만!,,
,이 열쇠는 곡옥과 같은,,
,반투명 재질로 되어 있습니다。,,
,변형하는 구조가 있으면、,,
,바로 알 수 있었겠지요。,,
,（으으‥‥,,
,역시 무리가 있나）,,
,（하지만、아까 포트디노의,,
,증언에 위화감이 느껴졌어‥‥）,,
,（증거품을 한번 검토해보는,,
,편이 좋을지도 모르겠군）,,
,,,
,으응～？ 변호사 놈은,,
,이 곡이 취향인가？,,
,이 나비 무늬에 뭔가 비밀이,,
,숨겨져 있는지도 모릅니다!,,
,헤에?,,
,그럼 알려주겠나?,,
,（큭‥‥,,
,뭐지 이 여유는‥‥）,,
,재판장님!,,
,부탁드립니다!,,
,으음。,,
,‥‥‥‥‥‥‥‥,,
,（특별한 건 없는 무늬네）,,
,변호인。,,
,뭔가 찾으셨나요?,,
,아、아무것도‥‥없었습니다。,,
,돌려드리겠습니다。,,
,그～러～니～까～,,
,아무것도 없다고 했잖아。,,
,（으으‥‥）,,
,그、그럼 열쇠에 뭔가 숨겨져,,
,있는 게 틀림없습니다!,,
,히히히히。이번에는,,
,이 열쇠를 의심하는 건가?,,
,말귀를 못 알아듣는군요。,,
,자물쇠는 피고인이 강제로 연 것,,
,이외에는 있을 수 없습니다。,,
,그래! 불경스럽게도 이,,
,《영혼의 열쇠》를 쓰지 않고!,,
,（응? 어라?,,
,방금‥‥）,,
,멍청한 변호사를 위해,,
,몇 번이든 노래해주지!,,
,영혼의 열쇠를 쓰지 않고 해제,,
,그것은 역사에 대한 모욕,,
,이예에에에에에!,,
,심심하면 까먹는 변호사를 위해,,
,증언에 추가하는 것이 어떨까요。,,
,으응～？ 변호사 놈은,,
,이 곡이 취향인가?,,
,거기까지!,,
,본 법정은 이 이상 심리의,,
,필요성을 인정하지 않습니다。,,
,변호인의 반증은 검찰 측 주장을,,
,뒤집을 힘이 없습니다。,,
,변호인은 쿠라인 법률에 의거、,,
,《변호죄》가 적용됩니다。,,
,그러면‥‥,,
,피고인、보쿠토 츠아니 및,,
,변호인、나루호도 류이치에게‥‥,,
,판결을 선고합니다。,,
,잠깐 기다려주십시오。,,
,포트디노 씨。,,
,당신은 방금 이 열쇠를,,
,《영혼의 열쇠》라고 불렀지요。,,
,앗!,,
,《곡옥 열쇠》,,
,가 아닙니까!,,
,으갸아아아아!,,
,《영혼의 열쇠》?,,
,뭡니까 그건?,,
,모르겠습니다。,,
,하지만‥‥아무래도,,
,중요한 것 같군요。,,
,뭐、뭐야。,,
,그게 어쨌다는 거지?,,
,그냥 잘못 말했을 뿐이야!,,
,머、멍청아!,,
,변호인은 목숨이 아까운지、,,
,발버둥이 너무 심하군요。,,
,이런 작은 말실수에,,
,무슨 의미가 있다는 건지‥‥。,,
,변호인!,,
,그게 중요한 겁니까?,,
,（포트디노의,,
,저 동요하는 모습‥‥）,,
,（뭔가 의미가 있는 게,,
,틀림없어!）,,
,네。,,
,물론입니다。,,
,이 열쇠는《곡옥 열쇠》,,
,가 아니라《영혼의 열쇠》였다。,,
,거기에는,,
,중요한 의미가 있습니다!,,
,,,
,노―리즌― 노―매터―,,
,‥‥의미 같은 건 없어。,,
,하찮군。이놈의 입에서,,
,나오는 건 거짓말과 망상뿐이야。,,
,재판장님。,,
,귀를 기울일 필요 없습니다。,,
,흐음‥‥。,,
,솔직히、저도 변호인이 무엇을,,
,말하는 건지 모르겠습니다。,,
,허나‥‥그가 무슨 생각을,,
,하는지는 흥미가 있습니다。,,
,악!,,
,변호인。당신의 목숨을 건 주장。,,
,‥‥들어보도록 하지요。,,
,당신은、그것이‥‥,,
,《영혼의 열쇠》인 것이,,
,중요하다는 겁니까?,,
,네! 매우 중요합니다!,,
,（‥‥아마도）,,
,영혼의 열쇠와 시조의 보옥에는,,
,중요한 연결점이 있습니다!,,
,알겠습니다。,,
,그렇다면‥‥‥‥,,
,그 근거를,,
,제시하셔야겠습니다。,,
,어。,,
,근거‥‥말인가요?,,
,설마、이제 와서 못한다고,,
,말하진 않겠지요?,,
,가、가능합니다!,,
,（‥‥이렇게 말할 수밖에 없네）,,
,（으으‥‥뭐든 좋으니까!,,
,생각해보자!）,,
,（《영혼의 열쇠》‥‥,,
,영혼‥‥영혼‥‥）,,
,（어디 없나? 영혼과,,
,시조의 보옥을 이어주는 것‥‥）,,
,그럼、,,
,제시해주십시오。,,
,,,
,영혼의 열쇠와 시조의 보옥의,,
,연결점을 보여주는 증거품은?,,
,이 증거품은《영혼의 열쇠》와,,
,어떤 관계가 있습니까?,,
,모르시겠습니까?,,
,이 숨겨진 연결점이。,,
,모르겠군요。,,
,알 수 없네요。,,
,오― 마이 갓!,,
,‥‥그럼、,,
,관계가 없는 거군요。,,
,그러면、다른 증거품을,,
,제시하겠습니다。,,
,변호인‥‥。관계없는 척하고,,
,이야기를 돌리지 마세요!,,
,（으으‥‥들켰나）,,
,（다시 한번,,
,잘 생각해보는 거야!）,,
,,,
,거기까지!,,
,본 법정은 이 이상 심리의,,
,필요성을 인정하지 않습니다。,,
,변호인의 반증은 검찰 측 주장을,,
,뒤집을 힘이 없습니다。,,
,변호인은 쿠라인 법률에 의거、,,
,《변호죄》가 적용됩니다。,,
,그러면‥‥,,
,피고인、보쿠토 츠아니 및,,
,변호인、나루호도 류이치에게‥‥,,
,판결을 선고합니다。,,
,,,
,이건‥‥?,,
,《의식의 노래》?,,
,（그래‥‥,,
,답은 계속 눈앞에 있었어）,,
,（봉납무 의식의 노래 속에,,
,숨겨져 있던 거야!）,,
,재판장님! 의식의 노래는,,
,시조의 비보에 관한 노래입니다。,,
,그 가사 속에,,
,숨겨져 있었던 겁니다‥‥,,
,비보의 함의,,
,“진정한 여는 법”이 말이죠!,,
,뭐。,,
,뭐。,,
,뭐라구요오오오오오오오옷!,,
,큭‥‥,,
,어、어떻게 된 일입니까?,,
,변호인! 설명해주십시오!,,
,가사에 이렇게 쓰여 있습니다‥‥,,
,「나비가 영혼을 품을 때,,
,보옥의 은총 내려주시리」,,
,이 영혼은《영혼의 열쇠》를,,
,가리키는 것이 아닐까요?,,
,분、분명,,
,말은 일치합니다만‥‥,,
,,,
,저희는 이 열쇠를 줄곧,,
,《곡옥 열쇠》라 불렀습니다。,,
,그리고 비보의 함의 곡옥 그림이,,
,그려진 자물쇠에 꽂아봤습니다。,,
,하지만、그 열쇠의 사용법이,,
,잘못되었던 것일지도 모릅니다。,,
,당신은 올바른 사용법을,,
,알고 있다는 건가요?,,
,,,
,이 열쇠의 올바른 사용법은‥‥,,
,,,
,좌우를 역전시키는 겁니다。,,
,좌우를‥‥역전?,,
,그러면 어떻게 되는 겁니까?,,
,곡옥이 아니라‥‥,,
,“옥곡”의 열쇠가 되는 것입니다!,,
,‥‥‥‥‥‥‥‥‥‥,,
,‥‥‥‥‥‥‥‥‥‥,,
,‥‥‥‥‥‥‥‥‥‥,,
,아까 전、당신은 이 열쇠를,,
,영혼의 열쇠라고 불렀지요。,,
,아。,,
,（그랬었지‥‥）,,
,죄송합니다。,,
,차、착각했습니다‥‥。,,
,역전시키는 건 상하였습니다!,,
,,,
,곡옥의 모양을,,
,상하로 역전시키면‥‥,,
,이렇게‥‥,,
,영혼의 모양이 되는 겁니다!,,
,이、이럴 수가!,,
,확실히 그렇군요!,,
,그런데、그걸로 뭘,,
,어떻게 한다는 말씀이시죠?,,
,자물쇠의 구멍에 넣기에는,,
,너무 크지 않습니까!,,
,어、어라?,,
,큭큭큭。,,
,역시、엉터리야。,,
,변호사가 말하고 있는 건,,
,전부 엉터리입니다!,,
,,,
,（어딘가에 있을 거야。,,
,이 열쇠를 쓸 장소가！）,,
,（다시 한번、,,
,의식의 노랫말을 떠올려보자‥‥）,,
,（「나비가 영혼을 품을 때,,
,보옥의 은총 내려주시리」）,,
,영혼의 열쇠를,,
,써야 할 진짜 장소는‥‥！,,
,,,
,여기입니다!,,
,그곳에,,
,어떻게 열쇠를 쓴다는 겁니까!,,
,자、봐주십시오!,,
,음‥‥,,
,（응? 어떻게 하는 거지?）,,
,이렇게 인가! ‥‥아닌가。,,
,그럼 이렇게! 응? 아닌가。,,
,‥‥‥‥‥‥‥‥‥‥。,,
,‥‥‥‥언제쯤,,
,열리는 건가요?,,
,（으으‥‥,,
,법정에서 차가운 시선이 느껴져）,,
,아무래도‥‥특기인,,
,될 대로 돼라 였나 보군요。,,
,쓸데없는 기대를 하게 만든,,
,변호사에게 벌을 내립니다!,,
,（으으으으‥‥）,,
,죄송합니다。열쇠를 사용하는,,
,장소가 잘못되었습니다‥‥,,
,다시 한번 지적하겠습니다!,,
,,,
,거기까지!,,
,본 법정은 이 이상 심리의,,
,필요성을 인정하지 않습니다。,,
,변호인의 반증은 검찰 측 주장을,,
,뒤집을 힘이 없습니다。,,
,변호인은 쿠라인 법률에 의거、,,
,《변호죄》가 적용됩니다。,,
,그러면‥‥,,
,피고인、보쿠토 츠아니 및,,
,변호인、나루호도 류이치에게‥‥,,
,판결을 선고합니다。,,
,,,
,뭐、뭡니까!,,
,비보의 함이‥‥,,
,열렸습니다아아아아아!,,
,우오오오오오오오오오옷!,,
,그런、말도 안 되는 일이이이!,,
,이것이 의식의 노래에,,
,줄곧 감춰져 있던 비밀‥‥,,
,비보의 함을 여는,,
,올바른 방법이었던 겁니다!,,
,아우치 검사。,,
,이것으로 이제 끝입니다。,,
,뭐라‥‥고요‥‥,,
,피해자는 가짜 자물쇠에 속아서,,
,그쪽을 열려고 했습니다。,,
,허나、함이 열릴 리가 없었습니다。,,
,그야 자물쇠는 가짜였으니까요。,,
,그、그렇다면‥‥,,
,피해자도、피고인도 이 함을,,
,여는 것은 불가능했단 겁니다!,,
,그들이 비보를 훔쳤을 리가,,
,없습니다!,,
,이 열쇠가《영혼의 열쇠》라고,,
,알고 있던‥‥,,
,포트디노 씨 외에는 말이죠!,,
,으갸아아아아아아아아아아아아앗!,,
,그리고! 재판장님!,,
,떠올려 보십시오!,,
,이번 살인사건의 현장을!,,
,미마 씨의 시체 가까이에,,
,놓여있던 비보의 함은‥‥,,
,자물쇠가 풀려、,,
,뚜껑이 열려 있었습니다!,,
,그게 가능한 사람은、함의,,
,여는 법을 아는 인물뿐입니다。,,
,으그그그그극!,,
,즉!,,
,미마 씨를 살해한 진범은‥‥,,
,포트디노 씨!,,
,당신밖에 없습니다!,,
,이、이、이、,,
,이‥‥이 몸‥‥은‥‥,,
,,,
,이 몸으으으으으으으으으으으으으,,
,으으으으으으으으으으으으으으으은,,
,우오오오오오오오오오오오오오오오,,
,오오오오오오오오오오오오오오오오,,
,오오오오오오오오오오오오오오오오,,
,오오오오오오오오오오오오오오오!,,
,도랴도랴두두루도리랴도레!,,
,‥‥도레?,,
,‥‥도레미파솔라시도레‥‥,,
,제길‥‥제길‥‥그 녀석이,,
,비보를 훔치지 않았다면‥‥,,
,봉납무 후、악기 창고에 갔을 때,,
,우연히 보게 된 거야。,,
,비보의 함을 가진 미마를!,,
,그래서‥‥그래서‥‥!,,
,순간 정전을 일으켜서 그 녀석을!,,
,‥‥들켜서는 안 됐다。,,
,비보가 비어있다는 걸。,,
,들키면 주지로 못 있겠지!,,
,어떤 벌을 받을지 몰라!,,
,절대로!,,
,들켜‥‥서‥‥는‥‥!,,
,,,
,‥‥‥‥‥‥‥‥‥‥,,
,무슨 일이 일어난 겁니까。,,
,믿을 수 없습니다。,,
,이런 건‥‥,,
,변호죄가 제정되고 23년‥‥,,
,처음 있는 일입니다。,,
,으‥‥으‥‥으으으윽。,,
,말도 안 돼‥‥설마。,,
,쿠라인에서 무패의 검사인 내가。,,
,이 아우치 수석검사가‥‥,,
,또다시‥‥,,
,이러어어어어어어어어어어어어어언,,
,말도 안 돼애애애애애애애애애애애!,,
,이럴 수가‥‥!,,
,변호사가 이겼어? 거짓말이지?,,
,그럴 리 없어!,,
,그럴 리 없다고!,,
,정숙! 정숙!,,
,솔직히、저도 혼란스럽습니다。,,
,하지만、진실은 나타났습니다。,,
,판결을 내릴 수밖에 없군요。,,
,시조님의 이름 아래‥‥,,
,보쿠토 츠아니에게,,
,판결을 선고합니다。,,
,,,
,4월24일 오후 1:36,,
,쿠라인 대법정 대기실,,
,（왠지 소란스러운걸‥‥）,,
,（방청인들이,,
,돌아갈 기미가 안 보이네?）,,
,설마‥‥,,
,무죄판결이 나오다니‥‥,,
,믿을 수 없어‥‥。,,
,뭐야、저 남자는‥‥,,
,（뭐랄까、,,
,따가운 시선이 느껴져）,,
,있을 수 없어!,,
,이런 일이 있어서는 안 돼!,,
,시조님!,,
,부디 구원해주십시오!,,
,（‥‥이렇게 불편한,,
,대기실은 처음이야）,,
,나루호도 씨!,,
,아。보쿠토!,,
,정말로‥‥정말로‥‥,,
,고맙습니다!,,
,멍! 멍! 멍!,,
,정말、서로 무사해서 다행이네。,,
,（꽤 위험했지만）,,
,죄송합니다。,,
,저‥‥나루호도 씨를,,
,좀처럼 믿을 수가 없어서。,,
,별수 없지。이곳에서 변호사는,,
,미움받는 존재인 듯하니까。,,
,어째서、,,
,그렇게 돼버린 걸까?,,
,설명해드리겠습니다!,,
,‥‥라고 말하고 싶지만。,,
,죄송합니다。,,
,그건 잘 모르겠네요。,,
,저도 오늘까지는 궁금해,,
,해 본 적도 없었거든요。,,
,제가 태어났을 무렵에는,,
,이미 변호사는 없었으니까요。,,
,재판의 판결은 무녀공주님의,,
,신탁으로 정한다고 생각했어요。,,
,（무녀공주‥‥레이파 님‥‥인가）,,
,이 나라의 재판이 공평치 않다?,,
,위대한 영혼이 말해주는 진실의,,
,판결이 어디가 불공평하단 거지?,,
,（그녀도 그렇게 믿고 있던 것,,
,같던데‥‥）,,
,아무리《영혼의 신탁》이,,
,있다 해도、변호사는 필요해。,,
,이 상태로는、누명을,,
,쓰는 사람이 생길 거야‥‥。,,
,나、나루호도 씨!,,
,쉿!,,
,응?,,
,그렇게 큰 목소리로,,
,말하지 않는 게 좋아요。,,
,《혁명파》라고 오해받아,,
,체포당할 거에요。,,
,혁명파?,,
,지금의 국왕과 재판제도에 대한,,
,반대 운동을 하는 사람들이에요。,,
,《반역의 용》이라고,,
,불리는‥‥,,
,두르크라는 무서운 남자가,,
,리더라고 하는 것 같아요。,,
,현 정권을 타파하기 위해서라면,,
,범죄도 마다하지 않는다던가‥‥。,,
,（두르크‥‥분명、방청인이,,
,그런 이름을 입에 담았었지）,,
,나루호도 씨의 생각은,,
,혁명파에 가깝네요。,,
,나루호도 씨는、두르크처럼,,
,무섭지는 않지만요。,,
,실례‥‥。,,
,아。자네、자네。음。,,
,나루호도라고 했었나。,,
,네、그렇습니다만‥‥,,
,당신은?,,
,나는 이 나라의 법무대신,,
,잉가 카르쿨 쿠라인。,,
,이 나라의 법을 관장하는 자이다。,,
,자네의 재판、방청했었어。,,
,네。,,
,（엄청 대단한 사람이잖아‥‥）,,
,（이 사람이《변호죄》같은 법정,,
,제도를 담당하고 있는 건가‥‥）,,
,이、잉가 님‥‥아、안녕,,
,하、하십니까‥‥。,,
,꼬마야。네게 용무는 없다。,,
,‥‥저쪽에 가 있거라。,,
,네、넵。,,
,죄송합니다‥‥。,,
,뭐、뭔가 제게 용건이라도?,,
,세상에 드문 변호사라는 녀석을,,
,가까이서 보고 싶어서 말이지。,,
,흐―음。그렇구만。,,
,（사람을 보기 드문 짐승처럼,,
,유심히 보지 말았으면 하는데）,,
,그래。자네에게도,,
,이야기해줘야겠군。,,
,미마는 역시 도둑질,,
,상습범이었던 것 같다。,,
,조사해봤는데、그의 집에서,,
,그동안 훔친 보물들이 나왔다。,,
,그렇게 착한 분이 어째서‥‥。,,
,가족을 부양하기 위해서였나 봐。,,
,‥‥보잘것없는 일이야。,,
,보잘것없다니‥‥,,
,그、그런‥‥,,
,흥。아랫것들에겐,,
,중요한 일이겠지만。,,
,그리고‥‥,,
,방금 포트디노의,,
,취조 결과가 나왔다‥‥,,
,비보를 빼앗은 건 그가 아니라,,
,혁명파라는 사실이 나왔다。,,
,앗!,,
,포트디노는,,
,혁명파에게 협박을 당했다더군。,,
,그래서 비보를 넘겼다‥‥。,,
,그걸 숨기고 싶어 했다고 하더군。,,
,네에。,,
,그랬군요。,,
,하지만、나루호도。,,
,오늘은 내 법정에서 꽤 화려하게,,
,설쳐댔더군。,,
,23년 만의 무죄판결‥‥이라。,,
,곤란하거든。그런 건,,
,본래 있어선 안 돼。,,
,저기‥‥그‥‥,,
,（위험해。화난 것 같은데‥‥!）,,
,흥。,,
,자네 덕분에 우리나라의 중요한,,
,비보가 도난당했다는 것을 알았어。,,
,그걸로,,
,이번에는 너그럽게 봐주지。,,
,（나는 그저 변호를,,
,했을 뿐인데‥‥）,,
,하지만、자신의 처지를,,
,자～알 생각해주게。,,
,자신이 얼마나 위험한 일을,,
,하고 있는지‥‥말이야。,,
,더러운 변호사라도,,
,목숨은 소중하겠지?,,
,!,,
,앞으로 자네의 동향에,,
,주의를 기울이도록 하지。,,
,너무 장난치지,,
,않는 게 좋을 거야。,,
,‥‥자넨 이 나라에선,,
,단지 이방인일 뿐이니까。,,
,왠지、무서운 사람이었네요‥‥。,,
,음。뭐。,,
,신경 써봐야 어쩌겠어。,,
,보쿠토。,,
,그것보다‥‥。,,
,날 계속,,
,안내해주지 않을래?,,
,넵!,,
,물론 기꺼이 그래야죠!,,
,마요이 님의 수행이 끝날 때까지,,
,시간은 엄청 많으니까요!,,
,사원도 아직 많이 있고,,
,지역 맛집도 가봐요!,,
,아! 자연의 풍경도 멋져요!,,
,수행용 폭포가 많이 있고‥‥,,
,그리고기도의광장이라는장소가있는,,
,데말이죠그곳풍경이뛰어나다고유명,,
,해요!그밖에도많은곳들이있는데요,,
,한산한자연경관을느낄수잇는곳이나,,
,식도락여행을즐기기에좋은곳이나구,,
,닥다리같지만무서운폐허체험도있고,,
,알았어、알았다니깐!,,
,그렇게 서두르지 않아도 괜찮아。,,
,관광이 끝나면 같이,,
,마요이 님도 만나러 가요!,,
,응。그래。,,
,（마요이‥‥。,,
,잘 지내고 있으려나?）,,